operator_id,vehicle_id,vehicle_type,status,locked,start_time,end_time,start_pos,end_pos,driven_distance,start_soc,end_soc,charging_power,charging_unit,toll,rq_on_board,occupancy,rq_boarding,rq_alighting,route,trajectory,driver_id
0,5,default_vehtype,boarding,True,180,210,2966;-1;-1,2966;-1;-1,0.0,0.916309922773969,0.916309922773969,0,,0,0;1,2,0;1,,,,6
1,2,default_vehtype,route,False,300,404.9151342727892,2967;-1;-1,2970;-1;-1,1260.6748435775457,0.5435646498507704,0.5434385823664126,0.0,,0,,0,,,2967;3896;6788;5444;1716;2720;4210;1711;98;2497;7434;2760;542;1074;336;2759;1664;1659;4844;3270;4850;6823;1946;7401;3560;2970,2967:300;3896:306.0795464347745;6788:307.3465304347745;5444:317.8829384347745;1716:320.6732984347745;2720:321.4199384347745;4210:322.3182104347745;1711:323.44789043477454;98:332.06369843477455;2497:333.57433043477454;7434:340.78217843477455;2760:347.3207144347746;542:354.84881843477456;1074:355.78222643477454;336:356.80534643477455;2759:361.53531443477453;1664:364.78921043477453;1659:369.54877043477455;4844:381.82129043477454;3270:383.69437043477456;4850:389.24749043477453;6823:396.72781043477454;1946:400.98109043477456;7401:402.1801304347746;3560:403.2556904347746;2970:404.9151342727892,3
0,6,default_vehtype,boarding,True,360,390.0,2982;-1;-1,2982;-1;-1,0.0,0.7724415914984484,0.7724415914984484,0.0,,0,3,1,3,,,,7
1,9,default_vehtype,boarding,True,360,390.0,2977;-1;-1,2977;-1;-1,0.0,0.8229470565333281,0.8229470565333281,0.0,,0,4,1,4,,,,10
1,9,default_vehtype,route,False,390,403.47694671413734,2977;-1;-1,2983;-1;-1,112.30788928447757,0.8229470565333281,0.8229358257443997,0.0,,0,4,1,,,2977;6202;7315;2983,2977:390;6202:393.8930921031118;7315:400.78841210311185;2983:403.47694671413734,10
1,2,default_vehtype,boarding,True,404.9151342727892,434.9151342727892,2970;-1;-1,2970;-1;-1,0.0,0.5434385823664126,0.5434385823664126,0,,0,2,1,2,,,,3
1,9,default_vehtype,boarding,True,403.47694671413734,433.47694671413734,2983;-1;-1,2983;-1;-1,0.0,0.8229358257443997,0.8229358257443997,0,,0,4,1,,4,,,10
0,5,default_vehtype,route,False,210.0,488.9138289902776,2966;-1;-1,2988;-1;-1,2634.732771078847,0.916309922773969,0.9160464494968612,0.0,,0,0;1,2,,,2966;2743;2631;2150;735;738;1096;3736;81;831;2413;1146;832;1880;1340;3638;3641;7177;5275;5297;5072;1464;2847;5825;4587;5794;3202;2065;2023;4203;4198;1071;1070;1069;1067;1504;4396;710;2281;4664;6260;3300;1832;708;6180;2405;6169;2744;2567;2576;3077;3241;88;2758;2742;2448;2353;6140;7386;3742;7100;6318;737;6639;2446;2301;1992;1990;1988;1985;3729;5498;5496;5699;5494;6307;374;7114;3246;5330;661;445;6080;7381;364;3029;69;30;3346;2832;2207;2988,2966:210;2743:217.84382829039959;2631:221.85525686182817;2150:238.78554257611387;735:249.2677140046853;738:255.43554257611387;1096:264.9745140046853;3736:265.2375300046853;81:269.0864340046853;831:279.9330180046853;2413:280.92071400468535;1146:281.73409800468534;832:282.54251400468536;1880:285.14020200468536;1340:296.6730180046854;3638:297.6594900046854;3641:298.7230740046854;7177:302.30147400468536;5275:306.8107620046854;5297:310.18957800468536;5072:310.41983400468536;1464:317.36034600468537;2847:318.4310580046854;5825:321.32970600468536;4587:323.61001800468534;5794:325.2301620046853;3202:329.3515140046853;2065:334.4957700046853;2023:340.05409800468533;4203:340.85488200468535;4198:341.83653000468536;1071:342.83905800468534;1070:357.3023460046853;1069:358.04063400468533;1067:360.70269000468534;1504:365.15646600468534;4396:365.38276200468533;710:365.93341800468534;2281:366.93911400468534;4664:370.81710600468534;6260:371.26300200468535;3300:371.86211400468534;1832:374.6523300046853;708:375.1913940046853;6180:375.6148260046853;2405:377.8372260046853;6169:381.3143460046853;2744:385.9149060046853;2567:387.7578660046853;2576:396.2464260046853;3077:398.3790660046853;3241:401.50794600468527;88:403.4347860046853;2758:405.3982260046853;2742:405.80466600468526;2448:408.99030600468524;2353:415.1911860046852;6140:420.3622260046852;7386:421.70466600468524;3742:429.36366600468523;7100:429.90330600468525;6318:430.3813860046852;737:431.29710600468525;6639:433.14630600468524;2446:434.71758600468524;2301:437.0146260046852;1992:438.0396660046852;1990:439.7365860046852;1988:442.1905860046852;1985:445.7123460046852;3729:448.0597860046852;5498:449.4571860046852;5496:452.3644260046852;5699:453.06186600468516;5494:454.1656260046852;6307:454.38246600468517;374:462.68346600468516;7114:464.89847400468517;3246:466.03629000468516;5330:466.78386600468514;661:467.77530600468515;445:470.80499400468517;6080:473.62840200468514;7381:474.03729000468513;364:474.47267400468513;3029:476.4968820046851;69:480.62916771897085;30:484.7614534332566;3346:486.78566143325656;2832:487.22104543325656;2207:487.62993343325655;2988:488.9138289902776,6
0,5,default_vehtype,boarding,True,488.9138289902776,518.9138289902776,2988;-1;-1,2988;-1;-1,0.0,0.9160464494968612,0.9160464494968612,0.0,,0,0;1,2,,0,,,6
0,5,default_vehtype,route,False,518.9138289902776,556.3414221225929,2988;-1;-1,2973;-1;-1,519.8276823932699,0.9160464494968612,0.9159944667286218,0.0,,0,1,1,,,2988;3447;6082;7383;364;3029;3886;5711;6045;2157;4817;456;5901;7605;2830;1420;1084;2973,2988:518.9138289902776;3447:520.4533414332566;6082:523.2767494332566;7383:523.6856374332566;364:524.1210214332566;3029:526.1452294332566;3886:526.6432534332566;5711:529.1828374332566;6045:530.5771174332566;2157:534.7656454332566;4817:535.2424294332566;456:535.8573094332565;5901:536.6128774332566;7605:540.0845734332565;2830:540.3139654332565;1420:552.0190774332565;1084:555.5540614332565;2973:556.3414221225929,6
0,5,default_vehtype,boarding,True,556.3414221225929,586.3414221225929,2973;-1;-1,2973;-1;-1,0.0,0.9159944667286218,0.9159944667286218,0.0,,0,1,1,,1,,,6
0,6,default_vehtype,route,False,390.0,548.1393886097674,2982;-1;-1,2980;-1;-1,1274.3900625592087,0.7724415914984484,0.7723141524921924,0.0,,0,3,1,,,2982;2809;4365;7288;1182;1001;6296;1434;3820;3877;2787;4993;6537;7281;2307;3549;6384;4032;1804;4811;5237;608;459;2416;4011;5246;363;366;2314;2877;1748;1743;1157;2058;2092;915;2980,2982:390;2809:395.7009673454251;4365:403.2820873454251;7288:404.4052873454251;1182:405.3222073454251;1001:410.6133673454251;6296:412.97268734542513;1434:418.9317673454251;3820:424.0404073454251;3877:425.94828734542506;2787:434.7408073454251;4993:435.7898473454251;6537:441.5896873454251;7281:447.4248073454251;2307:450.9435673454251;3549:456.5808073454251;6384:456.8426473454251;4032:460.0642873454251;1804:460.9801993454251;4811:462.6628393454251;5237:467.4033193454251;608:476.2693993454251;459:476.5991593454251;2416:478.8127993454251;4011:479.4769273454251;5246:485.4020953454251;363:492.3107833454251;366:493.7158633454251;2314:494.8607353454251;2877:508.0318393454251;1748:509.1503593454251;1743:516.9047593454251;1157:521.6439022025679;2058:527.4337307739964;2092:530.8228736311393;915:535.9410450597106;2980:548.1393886097674,7
0,6,default_vehtype,boarding,True,548.1393886097674,578.1393886097674,2980;-1;-1,2980;-1;-1,0.0,0.7723141524921924,0.7723141524921924,0.0,,0,3,1,,3,,,7
1,2,default_vehtype,route,False,434.9151342727892,606.5516174050668,2970;-1;-1,2987;-1;-1,1834.4631759372726,0.5434385823664126,0.5432551360488188,0.0,,0,2,1,,,2970;671;662;7398;3491;6933;7394;6989;7392;5704;7389;3806;2573;885;316;2042;1982;6306;374;7114;3246;5330;661;445;6080;7381;364;3029;3886;5711;6045;2157;4817;456;5901;7605;2830;1420;1084;7357;2826;2827;4225;2987,2970:434.9151342727892;671:435.94525043477455;662:458.39497043477456;7398:461.9142104347746;3491:468.2389304347746;6933:469.1506904347746;7394:474.5122904347746;6989:475.1066504347746;7392:484.3177304347746;5704:486.6828104347746;7389:501.22105043477455;3806:505.28545043477453;2573:506.3534504347745;885:506.9568104347745;316:513.7839704347746;2042:524.5224104347745;1982:525.2851304347745;6306:525.5019704347745;374:533.8029704347746;7114:536.0179784347746;3246:537.1557944347746;5330:537.9033704347746;661:538.8948104347746;445:541.9244984347746;6080:544.7479064347746;7381:545.1567944347746;364:545.5921784347746;3029:547.6163864347747;3886:548.1144104347746;5711:550.6539944347746;6045:552.0482744347746;2157:556.2368024347746;4817:556.7135864347746;456:557.3284664347746;5901:558.0840344347746;7605:561.5557304347745;2830:561.7851224347745;1420:573.4902344347745;1084:577.0252184347745;7357:581.6097464347745;2826:590.8190504347745;2827:600.0283544347744;4225:604.6128824347744;2987:606.5516174050668,3
1,2,default_vehtype,boarding,True,606.5516174050668,636.5516174050668,2987;-1;-1,2987;-1;-1,0.0,0.5432551360488188,0.5432551360488188,0.0,,0,2,1,,2,,,3
1,9,default_vehtype,boarding,True,660,690,2983;-1;-1,2983;-1;-1,0.0,0.8229358257443997,0.8229358257443997,0,,0,5,1,5,,,,10
1,9,default_vehtype,route,False,690,767.7585747541395,2983;-1;-1,2985;-1;-1,660.4731749798569,0.8229358257443997,0.8228697784269017,0.0,,0,5,1,,,2983;7527;2803;7558;2806;4344;2996;3013;7322;2804;3061;1173;3425;4304;793;118;3979;2985,2983:690;7527:694.5269453889745;2803:702.0819053889745;7558:709.4769053889745;2806:717.3107453889745;4344:718.5137453889745;2996:720.5572253889745;3013:725.3423453889745;7322:729.3529853889745;2804:732.6797453889745;3061:739.3477853889746;1173:744.9461453889745;3425:746.1291053889745;4304:747.5314253889745;793:759.6469853889745;118:765.5112653889745;3979:767.3618093889745;2985:767.7585747541395,10
1,9,default_vehtype,boarding,True,767.7585747541395,797.7585747541395,2985;-1;-1,2985;-1;-1,0.0,0.8228697784269017,0.8228697784269017,0,,0,5,1,,5,,,10
0,1,default_vehtype,route,False,840.0,860.8907075530442,2992;-1;-1,2993;-1;-1,290.1487160145031,0.6917207594128889,0.6916917445412875,0.0,,0,,0,,,2992;2526;3895;5465;7450;2993,2992:840;2526:849.2022475349454;3895:850.4692315349454;5465:858.0011515349454;7450:858.9853915349454;2993:860.8907075530442,2
0,1,default_vehtype,boarding,True,860.8907075530442,890.8907075530442,2993;-1;-1,2993;-1;-1,0.0,0.6916917445412875,0.6916917445412875,0.0,,0,6,1,6,,,,2
1,8,default_vehtype,route,False,900.0,999.876609038653,2978;-1;-1,2976;-1;-1,781.3173610363948,0.9458865003910399,0.9458083686549363,0.0,,0,,0,,,2978;4103;4326;7286;1218;7334;7010;820;7498;276;2915;2661;7517;6201;7314;7529;2803;7558;2806;4344;1199;1204;7329;2976,2978:900;4103:902.6189566950277;4326:907.9101166950277;7286:908.8270366950277;1218:909.9502366950277;7334:917.5313566950277;7010:920.4388366950277;820:922.4197966950277;7498:922.8877966950276;276:922.9993966950276;2915:934.3453966950276;2661:941.5787566950276;7517:948.8907166950275;6201:949.7518366950276;7314:956.6471566950275;7529:963.8626366950275;2803:971.4175966950276;7558:978.8125966950275;2806:986.6464366950275;4344:987.8494366950275;1199:991.8397795521704;1204:995.8301224093133;7329:997.0331224093133;2976:999.876609038653,9
1,9,default_vehtype,route,False,900.0,983.8384785317231,2985;-1;-1,2977;-1;-1,713.3009357356655,0.8228697784269017,0.8227984483333282,0.0,,0,,0,,,2985;1140;880;3109;3874;4306;429;4313;68;7318;7325;3011;4;4345;7330;7562;7316;7531;2802;2977,2985:900;1140:900.194570634835;880:900.785906634835;3109:902.636450634835;3874:908.500730634835;4306:920.616290634835;429:922.018610634835;4313:923.201570634835;68:928.7999306348349;7318:935.467970634835;7325:938.794730634835;3011:942.805370634835;4:947.590490634835;4345:949.633970634835;7330:950.836970634835;7562:958.670810634835;7316:966.065810634835;7531:973.620770634835;2802:980.836250634835;2977:983.8384785317231,10
1,9,default_vehtype,boarding,True,983.8384785317231,1013.8384785317231,2977;-1;-1,2977;-1;-1,0.0,0.8227984483333282,0.8227984483333282,0.0,,0,8;10,2,8;10,,,,10
1,3,default_vehtype,route,False,840.0,1069.9869602780316,2981;-1;-1,2966;-1;-1,2071.863435442099,0.9627983191463305,0.9625911328027864,0.0,,0,,0,,,2981;6320;3549;6384;4032;1804;4811;5237;608;459;2416;4011;5246;363;366;2314;2877;1748;2880;906;984;2268;1857;1806;1371;938;5442;4054;2205;1369;2047;1337;1873;1939;665;666;1885;668;1415;1041;1623;1383;2333;2966,2981:840;6320:843.3731188541452;3549:849.0103588541452;6384:849.2721988541452;4032:852.4938388541452;1804:853.4097508541453;4811:855.0923908541453;5237:859.8328708541453;608:868.6989508541453;459:869.0287108541453;2416:871.2423508541453;4011:871.9064788541453;5246:877.8316468541453;363:884.7403348541453;366:886.1454148541453;2314:887.2902868541453;2877:900.4613908541453;1748:901.5799108541453;2880:902.7417028541453;906:914.9670148541453;984:917.7367108541453;2268:918.4845748541453;1857:918.8704948541454;1806:919.5326788541454;1371:920.2028548541454;938:922.7839828541454;5442:932.5046308541454;4054:940.1446228541454;2205:945.8970628541454;1369:952.3432228541453;2047:953.2862788541453;1337:954.2476228541453;1873:970.7250388541453;1939:971.0660308541453;665:971.5881028541453;666:972.4572148541453;1885:973.4430388541452;668:986.8134388541453;1415:987.4425028541452;1041:1004.1290171398596;1623:1008.5122742827167;1383:1019.5977028541453;2333:1059.751588568431;2966:1069.9869602780316,4
1,8,default_vehtype,boarding,True,999.876609038653,1029.876609038653,2976;-1;-1,2976;-1;-1,0.0,0.9458083686549363,0.9458083686549363,0.0,,0,9,1,9,,,,9
0,1,default_vehtype,route,False,890.8907075530442,1099.6150025205377,2993;-1;-1,2988;-1;-1,2316.5181602628086,0.6916917445412875,0.6914600927252612,0.0,,0,6,1,,,2993;4483;7446;1960;816;6786;5444;1716;2720;4210;1711;98;2497;7434;2760;542;1074;1071;1070;1069;1067;1504;4396;710;2281;4664;6260;3300;1832;708;6180;2405;6169;2744;2567;2576;3077;3241;88;2758;2742;2448;2353;6140;7386;3742;7100;6318;737;6639;2446;2301;1992;1990;1988;1985;3729;5498;5496;5699;5494;6307;374;7114;3246;5330;661;445;6080;7381;364;3029;69;30;3346;2832;2207;2988,2993:890.8907075530442;4483:891.6521275349454;7446:894.3188635349454;1960:895.3031035349454;816:902.8350235349454;6786:904.1020075349454;5444:914.6384155349455;1716:917.4287755349454;2720:918.1754155349454;4210:919.0736875349454;1711:920.2033675349454;98:928.8191755349454;2497:930.3298075349454;7434:937.5376555349454;2760:944.0761915349455;542:951.6042955349454;1074:952.5377035349454;1071:953.5402315349454;1070:968.0035195349454;1069:968.7418075349455;1067:971.4038635349455;1504:975.8576395349454;4396:976.0839355349455;710:976.6345915349455;2281:977.6402875349454;4664:981.5182795349453;6260:981.9641755349453;3300:982.5632875349453;1832:985.3535035349453;708:985.8925675349453;6180:986.3159995349454;2405:988.5383995349454;6169:992.0155195349454;2744:996.6160795349454;2567:998.4590395349453;2576:1006.9475995349453;3077:1009.0802395349453;3241:1012.2091195349453;88:1014.1359595349453;2758:1016.0993995349453;2742:1016.5058395349453;2448:1019.6914795349453;2353:1025.8923595349454;6140:1031.0633995349453;7386:1032.4058395349452;3742:1040.0648395349453;7100:1040.6044795349453;6318:1041.0825595349454;737:1041.9982795349454;6639:1043.8474795349455;2446:1045.4187595349454;2301:1047.7157995349453;1992:1048.7408395349453;1990:1050.4377595349454;1988:1052.8917595349453;1985:1056.4135195349454;3729:1058.7609595349454;5498:1060.1583595349455;5496:1063.0655995349455;5699:1063.7630395349454;5494:1064.8667995349454;6307:1065.0836395349454;374:1073.3846395349453;7114:1075.5996475349452;3246:1076.7374635349452;5330:1077.4850395349451;661:1078.4764795349452;445:1081.5061675349452;6080:1084.3295755349452;7381:1084.7384635349451;364:1085.1738475349453;3029:1087.1980555349453;69:1091.330341249231;30:1095.4626269635166;3346:1097.4868349635167;2832:1097.9222189635168;2207:1098.3311069635167;2988:1099.6150025205377,2
0,1,default_vehtype,boarding,True,1099.6150025205377,1129.6150025205377,2988;-1;-1,2988;-1;-1,0.0,0.6914600927252612,0.6914600927252612,0.0,,0,6,1,,6,,,2
1,3,default_vehtype,boarding,True,1069.9869602780316,1099.9869602780316,2966;-1;-1,2966;-1;-1,0.0,0.9625911328027864,0.9625911328027864,0.0,,0,7,1,7,,,,4
1,9,default_vehtype,route,False,1013.8384785317231,1125.7830380172325,2977;-1;-1,2986;-1;-1,1060.4065922814566,0.8227984483333282,0.8226924076741,0.0,,0,8;10,2,,,2977;6202;7315;7530;2803;7558;2806;4344;2996;3013;7322;2804;3061;1173;3425;4304;793;118;3979;4275;103;6480;7360;2986,2977:1013.8384785317231;6202:1017.731570634835;7315:1024.626890634835;7530:1031.842370634835;2803:1039.397330634835;7558:1046.792330634835;2806:1054.626170634835;4344:1055.829170634835;2996:1057.872650634835;3013:1062.657770634835;7322:1066.668410634835;2804:1069.995170634835;3061:1076.663210634835;1173:1082.261570634835;3425:1083.444530634835;4304:1084.846850634835;793:1096.962410634835;118:1102.826690634835;3979:1104.6772346348348;4275:1105.2685706348348;103:1106.4114986348347;6480:1119.7332266348346;7360:1125.2351066348347;2986:1125.7830380172325,10
0,2,default_vehtype,boarding,True,1140.0,1170.0,2987;-1;-1,2987;-1;-1,0.0,0.5432551360488188,0.5432551360488188,0.0,,0,13,1,13,,,,3
1,8,default_vehtype,route,False,1029.876609038653,1143.4391322067454,2976;-1;-1,2982;-1;-1,828.4892168769599,0.9458083686549363,0.9457255197332486,0.0,,0,9,1,,,2976;7557;7316;7531;2802;2251;7515;7037;7512;3274;2902;3901;7011;7336;4365;7288;1182;1001;6296;6301;2298;2295;2293;4102;4325;7285;1218;2982,2976:1029.876609038653;7557:1034.8669624093134;7316:1042.2619624093134;7531:1049.8169224093133;2802:1057.0324024093134;2251:1063.9277224093134;7515:1064.7888424093135;7037:1072.1008024093135;7512:1079.3341624093134;3274:1090.6801624093134;2902:1090.7917624093134;3901:1091.2597624093135;7011:1093.2407224093135;7336:1096.1482024093136;4365:1103.7293224093137;7288:1104.8525224093137;1182:1105.7694424093136;1001:1111.0606024093136;6296:1113.4199224093136;6301:1118.3622081235992;2298:1122.644150980742;2295:1126.926093837885;2293:1131.8683795521706;4102:1134.2276995521706;4325:1139.5188595521706;7285:1140.4357795521705;1218:1141.5589795521705;2982:1143.4391322067454,9
1,8,default_vehtype,boarding,True,1143.4391322067454,1173.4391322067454,2982;-1;-1,2982;-1;-1,0.0,0.9457255197332486,0.9457255197332486,0.0,,0,9,1,,9,,,9
1,9,default_vehtype,boarding,True,1125.7830380172325,1155.7830380172325,2986;-1;-1,2986;-1;-1,0.0,0.8226924076741,0.8226924076741,0.0,,0,8;10,2,,8,,,10
0,0,default_vehtype,route,False,1080.0,1248.075560908033,2988;-1;-1,2992;-1;-1,1869.1901237226884,0.7644474598764522,0.76426054086408,0.0,,0,,0,,,2988;3447;3721;5333;251;2711;3358;2296;5495;5697;5497;5500;670;5502;5512;5520;5531;6313;6632;6644;3793;6319;7102;3741;7384;6414;5446;2447;2571;42;2577;2566;3033;3036;2469;2404;2235;3762;5287;310;2280;1447;6261;3764;4397;4745;4182;4187;4191;4195;4202;4208;537;18;5629;1068;2559;6740;1717;2067;2063;1937;2992,2988:1080;3447:1081.539512442979;3721:1084.569200442979;5333:1085.560640442979;251:1086.308216442979;2711:1087.446032442979;3358:1089.661040442979;2296:1097.9620404429788;5495:1098.1788804429789;5697:1099.2826404429788;5497:1099.9800804429788;5500:1102.8873204429788;670:1104.2847204429788;5502:1106.6321604429788;5512:1110.153920442979;5520:1112.6079204429789;5531:1114.304840442979;6313:1115.329880442979;6632:1117.6269204429789;6644:1119.1982004429788;3793:1121.0474004429789;6319:1121.9631204429788;7102:1122.441200442979;3741:1122.980840442979;7384:1130.639840442979;6414:1135.847000442979;5446:1138.1147604429789;2447:1142.050880442979;2571:1149.6398004429789;42:1154.3078004429788;2577:1154.9802804429787;2566:1163.5793604429787;3033:1164.2103204429786;3036:1166.4798804429786;2469:1170.0722004429786;2404:1173.3957204429785;2235:1174.6791204429785;3762:1175.1025524429785;5287:1175.6416164429786;310:1178.4318324429787;2280:1179.0309444429788;1447:1179.4768404429788;6261:1183.3548324429787;3764:1184.3605284429786;4397:1184.9111844429785;4745:1185.1374804429786;4182:1189.5912564429786;4187:1192.2533124429785;4191:1192.9916004429786;4195:1207.4548884429785;4202:1208.4574164429785;4208:1209.4390644429784;537:1210.3930644429784;18:1216.2606324429782;5629:1222.1100564429782;1068:1224.6624564429783;2559:1231.7130564429783;6740:1236.1836804429784;1717:1242.0174084429784;2067:1242.7551924429783;2063:1243.4714484429783;1937:1246.7414004429784;2992:1248.075560908033,1
1,3,default_vehtype,route,False,1099.9869602780316,1203.0771404193704,2966;-1;-1,2967;-1;-1,889.1057434150201,0.9625911328027864,0.962502222228445,0.0,,0,7,1,,,2966;2743;2631;2150;735;738;2470;734;1815;739;1724;1962;1910;164;1354;197;1311;7;1963;1308;482;7613;2611;1307;2876;1960;2967,2966:1099.9869602780316;2743:1107.8307885684312;2631:1111.8422171398597;2150:1128.7725028541454;735:1139.254674282717;738:1145.4225028541455;2470:1146.3721828541454;734:1146.5810548541453;1815:1147.5892708541453;739:1148.4297988541452;1724:1164.8874868541452;1962:1165.9443028541452;1910:1166.7665428541452;164:1167.7177348541452;1354:1168.6742548541451;197:1170.883502854145;1311:1182.418262854145;7:1186.113230854145;1963:1186.521686854145;1308:1186.882910854145;482:1191.437558854145;7613:1192.761710854145;2611:1196.6580628541449;1307:1197.973790854145;2876:1200.6405268541448;1960:1201.6247668541448;2967:1203.0771404193704,4
1,3,default_vehtype,boarding,True,1203.0771404193704,1233.0771404193704,2967;-1;-1,2967;-1;-1,0.0,0.962502222228445,0.962502222228445,0.0,,0,7,1,,7,,,4
1,7,default_vehtype,route,False,1080.0,1212.5866496081762,2981;-1;-1,2977;-1;-1,993.5818895919446,0.8575946831862098,0.8574953249972507,0.0,,0,,0,,,2981;6320;7278;2411;1661;7283;796;751;4635;6299;4102;4325;7285;1218;7334;7010;820;7498;276;2915;2661;7517;6201;7314;7529;7535;2931;2929;2927;2802;2977,2981:1080;6320:1083.373118854145;7278:1086.891878854145;2411:1092.726998854145;1661:1098.526838854145;7283:1099.575878854145;796:1108.368398854145;751:1110.276278854145;4635:1115.3849188541449;6299:1121.343998854145;4102:1123.703318854145;4325:1128.994478854145;7285:1129.9113988541449;1218:1131.0345988541449;7334:1138.615718854145;7010:1141.523198854145;820:1143.504158854145;7498:1143.9721588541452;276:1144.0837588541451;2915:1155.4297588541451;2661:1162.663118854145;7517:1169.975078854145;6201:1170.836198854145;7314:1177.7315188541452;7529:1184.9469988541452;7535:1190.006541711288;2931:1193.6579702827166;2929:1197.3093988541452;2927:1202.368941711288;2802:1209.584421711288;2977:1212.5866496081762,8
1,7,default_vehtype,boarding,True,1212.5866496081762,1242.5866496081762,2977;-1;-1,2977;-1;-1,0.0,0.8574953249972507,0.8574953249972507,0.0,,0,11,1,11,,,,8
0,0,default_vehtype,boarding,True,1248.075560908033,1278.075560908033,2992;-1;-1,2992;-1;-1,0.0,0.76426054086408,0.76426054086408,0.0,,0,12,1,12,,,,1
0,2,default_vehtype,route,False,1170.0,1297.42579406656,2987;-1;-1,2984;-1;-1,1389.2919531006646,0.5432551360488188,0.5431162068535087,0.0,,0,13,1,,,2987;4613;1084;7357;3525;6025;3063;6027;7362;2188;2186;5744;6033;5746;6031;146;2828;2376;3091;4274;880;3109;3874;4306;429;4313;68;7318;7325;3011;4;4345;1199;1204;2996;2984,2987:1170;4613:1171.5962490297077;1084:1175.1312330297076;7357:1179.7157610297077;3525:1190.5946010297077;6025:1192.3360650297077;3063:1193.6007450297077;6027:1194.9027210297077;7362:1198.9109610297076;2188:1205.5741290297076;2186:1206.8504010297077;5744:1208.8658250297076;6033:1210.2352650297075;5746:1212.1586730297076;6031:1213.6502970297076;146:1214.6114250297076;2828:1215.7032330297075;2376:1221.2051130297075;3091:1234.5268410297074;4274:1235.6697690297074;880:1236.2611050297073;3109:1238.1116490297072;3874:1243.9759290297072;4306:1256.0914890297072;429:1257.493809029707;4313:1258.6767690297072;68:1264.2751290297072;7318:1270.9431690297072;7325:1274.269929029707;3011:1278.280569029707;4:1283.065689029707;4345:1285.1091690297071;1199:1289.09951188685;1204:1293.0898547439929;2996:1295.133334743993;2984:1297.42579406656,3
0,5,default_vehtype,route,False,1200.0,1270.062022566576,2973;-1;-1,2975;-1;-1,929.3671620029345,0.9159944667286218,0.9159015300124216,0.0,,0,,0,,,2973;7354;3525;6025;3063;6027;7362;2188;2186;5744;6033;5746;6031;146;2828;2376;3091;4274;880;3109;3874;2975,2973:1200;7354:1203.7971673106636;3525:1214.6760073106636;6025:1216.4174713106636;3063:1217.6821513106636;6027:1218.9841273106636;7362:1222.9923673106634;2188:1229.6555353106635;2186:1230.9318073106635;5744:1232.9472313106635;6033:1234.3166713106634;5746:1236.2400793106635;6031:1237.7317033106635;146:1238.6928313106635;2828:1239.7846393106634;2376:1245.2865193106634;3091:1258.6082473106633;4274:1259.7511753106633;880:1260.3425113106632;3109:1262.193055310663;3874:1268.0573353106631;2975:1270.062022566576,6
0,5,default_vehtype,boarding,True,1270.062022566576,1300.062022566576,2975;-1;-1,2975;-1;-1,0.0,0.9159015300124216,0.9159015300124216,0.0,,0,14,1,14,,,,6
0,2,default_vehtype,boarding,True,1297.42579406656,1327.42579406656,2984;-1;-1,2984;-1;-1,0.0,0.5431162068535087,0.5431162068535087,0.0,,0,13,1,,13,,,3
0,3,default_vehtype,route,False,1320.0,1336.5010224528733,2967;-1;-1,2993;-1;-1,229.18086740101808,0.962502222228445,0.9624793041417048,0.0,,0,,0,,,2967;3896;5466;7451;2993,2967:1320;3896:1326.0795464347746;5466:1333.6114664347745;7451:1334.5957064347745;2993:1336.5010224528733,4
0,3,default_vehtype,boarding,True,1336.5010224528733,1366.5010224528733,2993;-1;-1,2993;-1;-1,0.0,0.9624793041417048,0.9624793041417048,0.0,,0,15,1,15,,,,4
1,7,default_vehtype,route,False,1242.5866496081762,1356.158574857143,2977;-1;-1,2981;-1;-1,969.4191104080555,0.8574953249972507,0.85739838308621,0.0,,0,11,1,,,2977;6202;7516;7037;7512;3274;2902;3901;7011;7336;4365;7288;4302;5102;7160;7294;2701;3076;4023;7300;1891;827;6499;1803;1141;5241;922;6385;3550;2981,2977:1242.5866496081762;6202:1246.479741711288;7516:1247.340861711288;7037:1254.652821711288;7512:1261.886181711288;3274:1273.232181711288;2902:1273.3437817112879;3901:1273.811781711288;7011:1275.792741711288;7336:1278.7002217112881;4365:1286.2813417112882;7288:1287.4045417112882;4302:1288.8163417112883;5102:1299.9248617112883;7160:1301.3801017112883;7294:1310.0985817112883;2701:1315.9007017112883;3076:1316.7500617112883;4023:1324.6230217112882;7300:1325.7651817112883;1891:1326.0191017112884;827:1327.0849417112884;6499:1336.4397817112883;1803:1342.4023417112883;1141:1347.9069817112884;5241:1349.4950617112884;922:1350.4109737112883;6385:1353.6326137112883;3550:1353.8944537112882;2981:1356.158574857143,8
1,9,default_vehtype,route,False,1155.7830380172325,1345.299165704207,2986;-1;-1,2991;-1;-1,2166.975773430211,0.8226924076741,0.822475710096757,0.0,,0,10,1,,,2986;3155;6029;5745;6035;5743;6038;6041;7365;6050;6068;6077;3629;4502;6912;2108;7370;7608;5900;3459;4818;5992;6047;5708;3884;3030;3347;7376;2207;3446;3720;5332;251;2711;3358;2296;5495;5697;5497;5500;670;5502;5512;5520;5531;6313;6632;6644;3793;6319;7102;3741;7384;6414;5446;2447;2571;42;2577;2566;3033;3036;2469;2404;2235;3762;5287;310;2280;1447;6261;3764;4397;4745;4182;4187;4191;4195;4202;4208;537;2991,2986:1155.7830380172325;3155:1156.3269146348346;6029:1157.2880426348345;5745:1158.7796666348345;6035:1160.7030746348346;5743:1162.0725146348345;6038:1164.0879386348345;6041:1165.3642106348345;7365:1172.0273786348346;6050:1174.3009226348345;6068:1178.5272506348344;6077:1179.1729466348345;3629:1180.7302346348345;4502:1181.1931226348345;6912:1186.3415546348344;2108:1188.2379626348345;7370:1194.7646906348346;7608:1194.9940826348345;5900:1198.4657786348346;3459:1199.2213466348346;4818:1199.8362266348347;5992:1200.3130106348347;6047:1204.5015386348346;5708:1205.8958186348345;3884:1208.4354026348346;3030:1208.9334266348346;3347:1210.9576346348347;7376:1211.3930186348348;2207:1211.8019066348347;3446:1214.6253146348347;3720:1217.6550026348348;5332:1218.6464426348348;251:1219.3940186348348;2711:1220.5318346348347;3358:1222.7468426348346;2296:1231.0478426348345;5495:1231.2646826348346;5697:1232.3684426348345;5497:1233.0658826348345;5500:1235.9731226348345;670:1237.3705226348345;5502:1239.7179626348345;5512:1243.2397226348346;5520:1245.6937226348346;5531:1247.3906426348346;6313:1248.4156826348346;6632:1250.7127226348346;6644:1252.2840026348345;3793:1254.1332026348346;6319:1255.0489226348345;7102:1255.5270026348346;3741:1256.0666426348346;7384:1263.7256426348347;6414:1268.9328026348346;5446:1271.2005626348346;2447:1275.1366826348346;2571:1282.7256026348346;42:1287.3936026348345;2577:1288.0660826348344;2566:1296.6651626348344;3033:1297.2961226348343;3036:1299.5656826348343;2469:1303.1580026348342;2404:1306.4815226348342;2235:1307.7649226348342;3762:1308.1883546348342;5287:1308.7274186348343;310:1311.5176346348344;2280:1312.1167466348345;1447:1312.5626426348344;6261:1316.4406346348344;3764:1317.4463306348343;4397:1317.9969866348342;4745:1318.2232826348343;4182:1322.6770586348343;4187:1325.3391146348342;4191:1326.0774026348342;4195:1340.5406906348342;4202:1341.5432186348341;4208:1342.524866634834;537:1343.478866634834;2991:1345.299165704207,10
1,9,default_vehtype,boarding,True,1345.299165704207,1375.299165704207,2991;-1;-1,2991;-1;-1,0.0,0.822475710096757,0.822475710096757,0.0,,0,10,1,,10,,,10
0,3,default_vehtype,route,False,1366.5010224528733,1430.2974634828279,2993;-1;-1,2969;-1;-1,886.0616809715948,0.9624793041417048,0.9623906979736077,0.0,,0,15,1,,,2993;4483;7446;1960;816;6786;5444;1716;2720;4210;1711;98;2497;7434;2760;542;1074;336;2969,2993:1366.5010224528733;4483:1367.2624424347744;7446:1369.9291784347743;1960:1370.9134184347743;816:1378.4453384347742;6786:1379.7123224347743;5444:1390.2487304347742;1716:1393.0390904347742;2720:1393.7857304347742;4210:1394.6840024347741;1711:1395.8136824347741;98:1404.4294904347742;2497:1405.9401224347741;7434:1413.1479704347742;2760:1419.6865064347742;542:1427.2146104347742;1074:1428.1480184347743;336:1429.1711384347743;2969:1430.2974634828279,4
0,5,default_vehtype,route,False,1300.062022566576,1408.242688456518,2975;-1;-1,2981;-1;-1,924.4919490828496,0.9159015300124216,0.9158090808175133,0.0,,0,14,1,,,2975;1166;429;3125;3406;2825;1944;130;99;4526;714;2800;4339;2419;5404;5421;1925;1883;926;925;5399;1905;830;2795;1891;827;6499;1803;1141;5241;922;6385;3550;2981,2975:1300.062022566576;1166:1310.172895310663;429:1311.575215310663;3125:1312.828735310663;3406:1325.183095310663;2825:1327.652815310663;1944:1328.964175310663;130:1331.351815310663;99:1331.832055310663;4526:1340.241655310663;714:1343.038495310663;2800:1345.044895310663;4339:1346.538655310663;2419:1351.147735310663;5404:1355.3746153106629;5421:1356.4799353106628;1925:1356.6232153106628;1883:1357.6604953106628;926:1361.9130553106627;925:1364.8573753106627;5399:1374.1621753106629;1905:1375.488775310663;830:1376.665615310663;2795:1377.8492953106631;1891:1378.1032153106632;827:1379.1690553106632;6499:1388.5238953106632;1803:1394.4864553106631;1141:1399.9910953106632;5241:1401.5791753106632;922:1402.4950873106632;6385:1405.7167273106631;3550:1405.978567310663;2981:1408.242688456518,6
0,5,default_vehtype,boarding,True,1408.242688456518,1438.242688456518,2981;-1;-1,2981;-1;-1,0.0,0.9158090808175133,0.9158090808175133,0.0,,0,14,1,,14,,,6
1,7,default_vehtype,boarding,True,1356.158574857143,1386.158574857143,2981;-1;-1,2981;-1;-1,0.0,0.85739838308621,0.85739838308621,0.0,,0,11,1,,11,,,8
0,0,default_vehtype,route,False,1278.075560908033,1476.1386537073215,2992;-1;-1,2980;-1;-1,2377.795994888241,0.76426054086408,0.7640227612645912,0.0,,0,12,1,,,2992;2526;5444;1716;2720;4210;1711;98;2497;7434;2760;542;1074;4204;5649;5760;205;5793;1407;5826;7411;4686;5074;5295;5274;7181;604;603;602;3851;4573;1400;971;598;1368;591;585;940;1370;939;1903;983;3921;840;2881;5099;1157;2058;2092;915;2980,2992:1278.075560908033;2526:1287.2778084429783;5444:1297.8142164429782;1716:1300.6045764429782;2720:1301.3512164429783;4210:1302.2494884429782;1711:1303.3791684429782;98:1311.9949764429782;2497:1313.5056084429782;7434:1320.7134564429782;2760:1327.2519924429782;542:1334.7800964429782;1074:1335.7135044429783;4204:1336.6951524429783;5649:1337.4959364429783;5760:1343.0542644429784;205:1348.1985204429784;5793:1352.3198724429783;1407:1353.9400164429783;5826:1356.2203284429784;7411:1359.1189764429785;4686:1360.1896884429784;5074:1367.1302004429783;5295:1367.3604564429784;5274:1370.7392724429783;7181:1375.2485604429783;604:1378.8269604429784;603:1379.8905444429784;602:1380.7436724429783;3851:1381.7470644429784;4573:1386.0533844429783;1400:1387.7860644429784;971:1391.5844964429784;598:1392.6517524429785;1368:1393.6120884429786;591:1399.4830404429786;585:1412.6542884429787;940:1419.2341524429787;1370:1426.2607764429788;939:1426.9574484429788;1903:1427.7790404429788;983:1428.7615524429789;3921:1432.559696442979;840:1437.120536442979;2881:1443.751160442979;5099:1444.9040244429789;1157:1449.6431673001218;2058:1455.4329958715505;2092:1458.8221387286933;915:1463.9403101572648;2980:1476.1386537073215,1
0,2,default_vehtype,route,False,1440.0,1483.525768574321,2984;-1;-1,2977;-1;-1,362.7147381193425,0.5431162068535087,0.5430799353796968,0.0,,0,,0,,,2984;3012;4;4345;7330;7562;7316;7531;2802;2977,2984:1440;3012:1442.492660677433;4:1447.277780677433;4345:1449.321260677433;7330:1450.524260677433;7562:1458.358100677433;7316:1465.753100677433;7531:1473.3080606774329;2802:1480.523540677433;2977:1483.525768574321,3
0,3,default_vehtype,boarding,True,1430.2974634828279,1460.2974634828279,2969;-1;-1,2969;-1;-1,0.0,0.9623906979736077,0.9623906979736077,0.0,,0,15,1,,15,,,4
0,0,default_vehtype,boarding,True,1476.1386537073215,1506.1386537073215,2980;-1;-1,2980;-1;-1,0.0,0.7640227612645912,0.7640227612645912,0.0,,0,12,1,,12,,,1
0,1,default_vehtype,route,False,1500.0,1537.5180435490054,2988;-1;-1,2989;-1;-1,366.3228098138172,0.6914600927252612,0.6914234604442798,0.0,,0,,0,,,2988;3447;3721;5333;251;2711;3358;2296;5495;5696;3307;3987;6878;2989,2988:1500;3447:1501.539512442979;3721:1504.569200442979;5333:1505.560640442979;251:1506.308216442979;2711:1507.446032442979;3358:1509.661040442979;2296:1517.9620404429788;5495:1518.1788804429789;5696:1518.9416004429788;3307:1529.680040442979;3987:1536.507200442979;6878:1537.110560442979;2989:1537.5180435490054,2
0,2,default_vehtype,boarding,True,1483.525768574321,1513.525768574321,2977;-1;-1,2977;-1;-1,0.0,0.5430799353796968,0.5430799353796968,0.0,,0,16,1,16,,,,3
0,1,default_vehtype,boarding,True,1537.5180435490054,1567.5180435490054,2989;-1;-1,2989;-1;-1,0.0,0.6914234604442798,0.6914234604442798,0.0,,0,18;19,2,18;19,,,,2
0,2,default_vehtype,route,False,1513.525768574321,1599.3582451126342,2977;-1;-1,2979;-1;-1,715.2706378192755,0.5430799353796968,0.5430084083159149,0.0,,0,16,1,,,2977;6202;7516;7037;7512;3274;2902;3901;7011;7336;4365;7288;1182;1001;6296;1434;3820;3877;2787;4993;6537;2979,2977:1513.525768574321;6202:1517.4188606774328;7516:1518.2799806774328;7037:1525.5919406774328;7512:1532.8253006774328;3274:1544.1713006774328;2902:1544.2829006774327;3901:1544.7509006774328;7011:1546.731860677433;7336:1549.639340677433;4365:1557.220460677433;7288:1558.343660677433;1182:1559.260580677433;1001:1564.551740677433;6296:1566.911060677433;1434:1572.870140677433;3820:1577.978780677433;3877:1579.886660677433;2787:1588.679180677433;4993:1589.728220677433;6537:1595.528060677433;2979:1599.3582451126342,3
0,5,default_vehtype,boarding,True,1560.0,1590.0,2981;-1;-1,2981;-1;-1,0.0,0.9158090808175133,0.9158090808175133,0.0,,0,20,1,20,,,,6
1,8,default_vehtype,route,False,1500.0,1580.3549866679925,2982;-1;-1,2984;-1;-1,669.6248888999352,0.9457255197332486,0.9456585572443585,0.0,,0,,0,,,2982;2809;7010;820;7498;276;2915;2661;7517;6201;7314;7529;2803;7558;2806;4344;2996;2984,2982:1500;2809:1505.7009673454252;7010:1508.6084473454252;820:1510.5894073454253;7498:1511.0574073454254;276:1511.1690073454254;2915:1522.5150073454254;2661:1529.7483673454253;7517:1537.0603273454253;6201:1537.9214473454253;7314:1544.8167673454254;7529:1552.0322473454255;2803:1559.5872073454254;7558:1566.9822073454254;2806:1574.8160473454254;4344:1576.0190473454254;2996:1578.0625273454255;2984:1580.3549866679925,9
1,8,default_vehtype,boarding,True,1580.3549866679925,1610.3549866679925,2984;-1;-1,2984;-1;-1,0.0,0.9456585572443585,0.9456585572443585,0.0,,0,17,1,17,,,,9
0,2,default_vehtype,boarding,True,1599.3582451126342,1629.3582451126342,2979;-1;-1,2979;-1;-1,0.0,0.5430084083159149,0.5430084083159149,0.0,,0,16,1,,16,,,3
0,5,default_vehtype,route,False,1590.0,1626.1792404322039,2981;-1;-1,2979;-1;-1,176.13052741122,0.9158090808175133,0.9157914677647722,0.0,,0,20,1,,,2981;6320;7278;2411;6281;2286;2287;6538;2979,2981:1590;6320:1593.373118854145;7278:1596.891878854145;2411:1602.726998854145;6281:1607.7711131398594;2286:1612.5380274255738;2287:1617.3049417112882;6538:1622.3490559970026;2979:1626.1792404322039,6
0,5,default_vehtype,boarding,True,1626.1792404322039,1656.1792404322039,2979;-1;-1,2979;-1;-1,0.0,0.9157914677647722,0.9157914677647722,0.0,,0,20,1,,20,,,6
0,1,default_vehtype,route,False,1567.5180435490054,1694.4851996988916,2989;-1;-1,2975;-1;-1,1557.616034582387,0.6914234604442798,0.6912676988408216,0.0,,0,18;19,2,,,2989;3808;6876;885;316;2042;1982;6306;374;7114;3246;5330;661;445;6080;7381;364;3029;3886;5711;6045;2157;4817;456;5901;7605;2830;5852;6913;1321;597;2204;6066;6049;7367;2188;2186;5744;6033;5746;6031;146;2828;2376;3091;4274;880;3109;3874;2975,2989:1567.5180435490054;3808:1568.178560442979;6876:1569.246560442979;885:1569.849920442979;316:1576.677080442979;2042:1587.4155204429792;1982:1588.1782404429791;6306:1588.3950804429792;374:1596.696080442979;7114:1598.911088442979;3246:1600.048904442979;5330:1600.796480442979;661:1601.787920442979;445:1604.817608442979;6080:1607.641016442979;7381:1608.049904442979;364:1608.485288442979;3029:1610.509496442979;3886:1611.007520442979;5711:1613.5471044429792;6045:1614.9413844429791;2157:1619.129912442979;4817:1619.606696442979;456:1620.221576442979;5901:1620.9771444429791;7605:1624.4488404429792;2830:1624.6782324429792;5852:1631.2049604429792;6913:1633.1013684429793;1321:1638.2498004429792;597:1638.7126884429792;2204:1640.2699764429792;6066:1640.9156724429793;6049:1645.1420004429792;7367:1647.4155444429791;2188:1654.0787124429792;2186:1655.3549844429792;5744:1657.3704084429792;6033:1658.739848442979;5746:1660.6632564429792;6031:1662.1548804429792;146:1663.1160084429791;2828:1664.207816442979;2376:1669.709696442979;3091:1683.031424442979;4274:1684.174352442979;880:1684.765688442979;3109:1686.6162324429788;3874:1692.4805124429788;2975:1694.4851996988916,2
0,1,default_vehtype,boarding,True,1694.4851996988916,1724.4851996988916,2975;-1;-1,2975;-1;-1,0.0,0.6912676988408216,0.6912676988408216,0.0,,0,18;19,2,,19,,,2
1,7,default_vehtype,route,False,1620.0,1699.0893941591173,2981;-1;-1,2978;-1;-1,682.0646846593123,0.85739838308621,0.857330176617744,0.0,,0,,0,,,2981;6320;3549;6384;4032;1804;4277;5239;6501;3911;5389;7301;918;3075;7097;7290;2736;1744;1164;2789;1182;2978,2981:1620;6320:1623.373118854145;3549:1629.0103588541451;6384:1629.272198854145;4032:1632.493838854145;1804:1633.409750854145;4277:1634.997830854145;5239:1640.502470854145;6501:1646.465030854145;3911:1655.819870854145;5389:1656.885710854145;7301:1657.139630854145;918:1658.2817908541451;3075:1666.154750854145;7097:1667.004110854145;7290:1672.806230854145;2736:1681.524710854145;1744:1682.979950854145;1164:1694.088470854145;2789:1695.5002708541451;1182:1696.417190854145;2978:1699.0893941591173,8
1,7,default_vehtype,boarding,True,1699.0893941591173,1729.0893941591173,2978;-1;-1,2978;-1;-1,0.0,0.857330176617744,0.857330176617744,0.0,,0,21,1,21,,,,8
0,1,default_vehtype,route,False,1724.4851996988916,1797.8182603398668,2975;-1;-1,2977;-1;-1,611.1088386747941,0.6912676988408216,0.6912065879569541,0.0,,0,18,1,,,2975;1166;429;4313;68;7318;7325;3011;4;4345;7330;7562;7316;7531;2802;2977,2975:1724.4851996988916;1166:1734.5960724429788;429:1735.9983924429787;4313:1737.1813524429788;68:1742.7797124429787;7318:1749.4477524429788;7325:1752.7745124429787;3011:1756.7851524429786;4:1761.5702724429786;4345:1763.6137524429787;7330:1764.8167524429787;7562:1772.6505924429787;7316:1780.0455924429787;7531:1787.6005524429786;2802:1794.8160324429787;2977:1797.8182603398668,2
0,3,default_vehtype,route,False,1680.0,1759.6323828308628,2969;-1;-1,2990;-1;-1,728.142628879116,0.9623906979736077,0.9623178837107197,0.0,,0,,0,,,2969;7192;1664;1659;538;4990;4939;5252;3070;1657;4439;4842;1272;3423;4282;4975;6830;4349;4937;669;5061;7265;3848;534;2839;5449;2990,2969:1680;7192:1683.6036429519463;1664:1686.8575389519463;1659:1691.6170989519462;538:1692.7681389519462;4990:1696.465218951946;4939:1697.8557789519461;5252:1703.2804989519461;3070:1704.3169389519462;1657:1711.8337389519463;4439:1717.4638989519462;4842:1721.8484589519462;1272:1722.0333789519461;3423:1723.2499389519462;4282:1727.0274189519462;4975:1728.0771789519463;6830:1728.8500989519464;4349:1729.3989789519464;4937:1733.7685389519465;669:1744.0759389519465;5061:1749.8842989519464;7265:1750.6675389519464;3848:1751.6421789519463;534:1755.6871389519463;2839:1757.0457789519462;5449:1758.2448189519462;2990:1759.6323828308628,4
0,3,default_vehtype,boarding,True,1759.6323828308628,1789.6323828308628,2990;-1;-1,2990;-1;-1,0.0,0.9623178837107197,0.9623178837107197,0.0,,0,25,1,25,,,,4
0,4,default_vehtype,route,False,1620.0,1754.8689012520151,2987;-1;-1,2985;-1;-1,1102.6437554843417,0.9350060741234096,0.9348958097478611,0.0,,0,,0,,,2987;4613;1084;7357;3525;6025;3063;6027;7362;2188;2186;5744;6033;5746;6031;146;2828;2376;3091;4274;880;3109;114;5021;1108;1680;3103;3110;3980;2985,2987:1620;4613:1621.5962490297077;1084:1625.1312330297076;7357:1629.7157610297077;3525:1640.5946010297077;6025:1642.3360650297077;3063:1643.6007450297077;6027:1644.9027210297077;7362:1648.9109610297076;2188:1655.5741290297076;2186:1656.8504010297077;5744:1658.8658250297076;6033:1660.2352650297075;5746:1662.1586730297076;6031:1663.6502970297076;146:1664.6114250297076;2828:1665.7032330297075;2376:1671.2051130297075;3091:1684.5268410297074;4274:1685.6697690297074;880:1686.2611050297073;3109:1688.1116490297072;114:1692.9238204582787;5021:1695.2972490297072;1108:1720.3666204582787;1680:1745.4359918868502;3103:1747.8094204582787;3110:1752.6215918868502;3980:1754.47213588685;2985:1754.8689012520151,5
0,4,default_vehtype,boarding,True,1754.8689012520151,1784.8689012520151,2985;-1;-1,2985;-1;-1,0.0,0.9348958097478611,0.9348958097478611,0.0,,0,22,1,22,,,,5
1,7,default_vehtype,route,False,1729.0893941591173,1766.5148552893463,2978;-1;-1,2979;-1;-1,311.87884275190765,0.857330176617744,0.8572989887334688,0.0,,0,21,1,,,2978;4103;6297;1434;3820;3877;2787;4993;6537;2979,2978:1729.0893941591173;4103:1731.708350854145;6297:1734.067670854145;1434:1740.0267508541451;3820:1745.135390854145;3877:1747.043270854145;2787:1755.835790854145;4993:1756.884830854145;6537:1762.684670854145;2979:1766.5148552893463,8
1,7,default_vehtype,boarding,True,1766.5148552893463,1796.5148552893463,2979;-1;-1,2979;-1;-1,0.0,0.8572989887334688,0.8572989887334688,0.0,,0,21,1,,21,,,8
1,8,default_vehtype,route,False,1610.3549866679925,1776.5557711624301,2984;-1;-1,2972;-1;-1,1890.1043999290787,0.9456585572443585,0.9454695468043656,0.0,,0,17,1,,,2984;3012;7321;2804;3061;1173;3425;4304;793;118;3979;4275;103;6480;7360;3154;6028;5745;6035;5743;6038;6041;7365;6050;6068;6077;3629;4502;6912;2108;7370;7608;5900;3459;4818;5992;6047;5708;3884;3030;3347;7376;2207;3446;3720;5332;251;2711;3358;2296;5681;2294;2035;6308;374;7114;3246;5330;661;445;2972,2984:1610.3549866679925;3012:1612.8476473454255;7321:1616.8582873454254;2804:1620.1850473454253;3061:1626.8530873454254;1173:1632.4514473454253;3425:1633.6344073454254;4304:1635.0367273454253;793:1647.1522873454253;118:1653.0165673454253;3979:1654.8671113454252;4275:1655.4584473454252;103:1656.6013753454251;6480:1669.923103345425;7360:1675.424983345425;3154:1676.516791345425;6028:1677.4779193454249;5745:1678.9695433454249;6035:1680.892951345425;5743:1682.262391345425;6038:1684.2778153454249;6041:1685.554087345425;7365:1692.217255345425;6050:1694.4907993454249;6068:1698.7171273454248;6077:1699.3628233454249;3629:1700.9201113454249;4502:1701.3829993454249;6912:1706.5314313454248;2108:1708.427839345425;7370:1714.954567345425;7608:1715.183959345425;5900:1718.655655345425;3459:1719.411223345425;4818:1720.026103345425;5992:1720.502887345425;6047:1724.691415345425;5708:1726.085695345425;3884:1728.625279345425;3030:1729.123303345425;3347:1731.147511345425;7376:1731.5828953454252;2207:1731.9917833454251;3446:1734.815191345425;3720:1737.8448793454252;5332:1738.8363193454252;251:1739.5838953454252;2711:1740.721711345425;3358:1742.936719345425;2296:1751.237719345425;5681:1753.631719345425;2294:1754.9632050597106;2035:1756.2946907739963;6308:1758.6886907739963;374:1766.9896907739962;7114:1769.2046987739961;3246:1770.342514773996;5330:1771.090090773996;661:1772.081530773996;445:1775.1112187739961;2972:1776.5557711624301,9
1,9,default_vehtype,route,False,1680.0,1752.8795259244243,2991;-1;-1,2967;-1;-1,869.8119235535071,0.822475710096757,0.8223887289044017,0.0,,0,,0,,,2991;3010;5631;1068;2559;6740;1717;2067;2063;1937;6789;3895;5465;7450;1719;3469;470;469;5079;7447;1960;2967,2991:1680;3010:1684.047268930627;5631:1689.896692930627;1068:1692.449092930627;2559:1699.4996929306271;6740:1703.9703169306272;1717:1709.8040449306272;2067:1710.5418289306272;2063:1711.258084930627;1937:1714.5280369306272;6789:1725.0644449306271;3895:1726.3314289306272;5465:1733.8633489306271;7450:1734.8475889306271;1719:1735.6642129306272;3469:1736.6841649306273;470:1742.645250644913;469:1748.6063363591986;5079:1749.6262883591987;7447:1750.4429123591988;1960:1751.4271523591988;2967:1752.8795259244243,10
1,9,default_vehtype,boarding,True,1752.8795259244243,1782.8795259244243,2967;-1;-1,2967;-1;-1,0.0,0.8223887289044017,0.8223887289044017,0.0,,0,23,1,23,,,,10
0,1,default_vehtype,boarding,True,1797.8182603398668,1827.8182603398668,2977;-1;-1,2977;-1;-1,0.0,0.6912065879569541,0.6912065879569541,0.0,,0,18,1,,18,,,2
0,3,default_vehtype,route,False,1789.6323828308628,1836.3518639999998,2990;-1;-1,2969;-1;-1,481.9663711208838,0.9623178837107197,0.9622696870736076,0.0,,0,25,1,,,2990;2552;4848;3271;4846;4989;5000;337;1075;4198;336;2969,2990:1789.6323828308628;2552:1792.498098951946;4848:1799.978418951946;3271:1805.531538951946;4846:1807.404618951946;4989:1819.677138951946;5000:1824.436698951946;337:1832.1969309519461;1075:1833.2207709519462;4198:1834.2024189519461;336:1835.2255389519462;2969:1836.3518639999998,4
1,8,default_vehtype,boarding,True,1776.5557711624301,1806.5557711624301,2972;-1;-1,2972;-1;-1,0.0,0.9454695468043656,0.9454695468043656,0.0,,0,17,1,,17,,,9
0,3,default_vehtype,boarding,True,1836.3518639999998,1866.3518639999998,2969;-1;-1,2969;-1;-1,0.0,0.9622696870736076,0.9622696870736076,0.0,,0,25;24,2,24,,,,4
0,4,default_vehtype,route,False,1784.8689012520151,1914.525584541425,2985;-1;-1,2982;-1;-1,1095.1193087163879,0.9348958097478611,0.9347862978169895,0.0,,0,22,1,,,2985;1140;880;3109;3874;4306;429;3125;3406;2825;1944;130;99;4526;714;2800;4339;2419;5404;5421;1925;1883;926;925;5399;1905;830;2795;918;3075;7097;7290;2736;1744;1164;2789;1218;2982,2985:1784.8689012520151;1140:1785.06347188685;880:1785.65480788685;3109:1787.50535188685;3874:1793.36963188685;4306:1805.4851918868499;429:1806.8875118868498;3125:1808.1410318868498;3406:1820.4953918868498;2825:1822.9651118868499;1944:1824.2764718868498;130:1826.6641118868497;99:1827.1443518868498;4526:1835.5539518868497;714:1838.3507918868497;2800:1840.3571918868497;4339:1841.8509518868498;2419:1846.4600318868497;5404:1850.6869118868497;5421:1851.7922318868495;1925:1851.9355118868496;1883:1852.9727918868496;926:1857.2253518868495;925:1860.1696718868495;5399:1869.4744718868496;1905:1870.8010718868497;830:1871.9779118868498;2795:1873.16159188685;918:1874.30375188685;3075:1882.17671188685;7097:1883.0260718868499;7290:1888.82819188685;2736:1897.54667188685;1744:1899.00191188685;1164:1910.11043188685;2789:1911.52223188685;1218:1912.64543188685;2982:1914.525584541425,5
0,4,default_vehtype,boarding,True,1914.525584541425,1944.525584541425,2982;-1;-1,2982;-1;-1,0.0,0.9347862978169895,0.9347862978169895,0.0,,0,22,1,,22,,,5
1,9,default_vehtype,route,False,1782.8795259244243,1920.4435802381156,2967;-1;-1,2990;-1;-1,1532.7491772517292,0.8223887289044017,0.8222354539866766,0.0,,0,23,1,,,2967;3896;6788;5444;1716;2720;4210;1711;98;2497;7434;2760;542;1074;336;2759;1664;1659;538;4990;4939;5252;3070;1657;4439;4842;1272;3423;4282;4975;6830;4349;4937;669;5061;7265;3848;534;2839;5449;2990,2967:1782.8795259244243;3896:1788.959072359199;6788:1790.226056359199;5444:1800.762464359199;1716:1803.552824359199;2720:1804.299464359199;4210:1805.1977363591989;1711:1806.3274163591989;98:1814.943224359199;2497:1816.4538563591989;7434:1823.661704359199;2760:1830.200240359199;542:1837.728344359199;1074:1838.661752359199;336:1839.684872359199;2759:1844.4148403591992;1664:1847.668736359199;1659:1852.428296359199;538:1853.579336359199;4990:1857.276416359199;4939:1858.666976359199;5252:1864.091696359199;3070:1865.128136359199;1657:1872.6449363591992;4439:1878.275096359199;4842:1882.659656359199;1272:1882.844576359199;3423:1884.061136359199;4282:1887.838616359199;4975:1888.8883763591991;6830:1889.6612963591992;4349:1890.2101763591993;4937:1894.5797363591994;669:1904.8871363591993;5061:1910.6954963591993;7265:1911.4787363591993;3848:1912.4533763591992;534:1916.4983363591991;2839:1917.856976359199;5449:1919.056016359199;2990:1920.4435802381156,10
1,9,default_vehtype,boarding,True,1920.4435802381156,1950.4435802381156,2990;-1;-1,2990;-1;-1,0.0,0.8222354539866766,0.8222354539866766,0.0,,0,23,1,,23,,,10
0,3,default_vehtype,route,False,1866.3518639999998,2098.523147606522,2969;-1;-1,2982;-1;-1,2831.450535342935,0.9622696870736076,0.9619865420200733,0.0,,0,25;24,2,,,2969;7192;1664;337;1075;5648;5759;205;5793;1407;5826;7411;4686;5074;5295;5274;7181;604;603;602;3851;4573;1400;971;598;1368;591;585;940;1370;939;1903;983;3921;840;2881;5099;2878;1735;2581;370;361;2874;1887;4059;910;6541;3462;3648;2851;2850;1801;1560;5242;922;6385;3550;6322;7280;2411;1661;7283;796;751;4635;6299;4102;4325;7285;1218;2982,2969:1866.3518639999998;7192:1869.955506951946;1664:1873.209402951946;337:1880.969634951946;1075:1881.9934749519462;5648:1882.7942589519462;5759:1888.3525869519463;205:1893.4968429519463;5793:1897.6181949519462;1407:1899.2383389519462;5826:1901.5186509519463;7411:1904.4172989519463;4686:1905.4880109519463;5074:1912.4285229519462;5295:1912.6587789519463;5274:1916.0375949519462;7181:1920.5468829519461;604:1924.1252829519462;603:1925.1888669519462;602:1926.0419949519462;3851:1927.0453869519463;4573:1931.3517069519462;1400:1933.0843869519463;971:1936.8828189519463;598:1937.9500749519464;1368:1938.9104109519465;591:1944.7813629519464;585:1957.9526109519466;940:1964.5324749519466;1370:1971.5590989519467;939:1972.2557709519467;1903:1973.0773629519467;983:1974.0598749519468;3921:1977.8580189519469;840:1982.418858951947;2881:1989.0494829519469;5099:1990.2023469519468;2878:1991.3303709519469;1735:2002.314690951947;2581:2003.654106951947;370:2005.236954951947;361:2007.734058951947;2874:2008.320066951947;1887:2013.9754509519469;4059:2015.8947549519469;910:2020.410954951947;6541:2021.0750829519468;3462:2023.2887229519467;3648:2023.6184829519468;2851:2028.2927229519469;2850:2029.2260829519469;1801:2032.5217629519468;1560:2037.2622429519467;5242:2038.9448829519467;922:2039.8607949519467;6385:2043.0824349519467;3550:2043.3442749519465;6322:2048.9815149519463;7280:2052.5002749519463;2411:2058.3353949519465;1661:2064.1352349519466;7283:2065.1842749519465;796:2073.9767949519464;751:2075.8846749519466;4635:2080.9933149519466;6299:2086.9523949519466;4102:2089.3117149519467;4325:2094.602874951947;7285:2095.519794951947;1218:2096.642994951947;2982:2098.523147606522,4
1,9,default_vehtype,route,False,2040.0,2086.7194811691365,2990;-1;-1,2969;-1;-1,481.9663711208839,0.8222354539866766,0.8221872573495645,0.0,,0,,0,,,2990;2552;4848;3271;4846;4989;5000;337;1075;4198;336;2969,2990:2040;2552:2042.8657161210833;4848:2050.346036121083;3271:2055.8991561210833;4846:2057.772236121083;4989:2070.044756121083;5000:2074.804316121083;337:2082.564548121083;1075:2083.588388121083;4198:2084.570036121083;336:2085.5931561210828;2969:2086.7194811691365,10
0,3,default_vehtype,boarding,True,2098.523147606522,2128.523147606522,2982;-1;-1,2982;-1;-1,0.0,0.9619865420200733,0.9619865420200733,0.0,,0,25;24,2,,25,,,4
1,8,default_vehtype,route,False,2100.0,2134.4435283009025,2972;-1;-1,2973;-1;-1,478.3823375125352,0.9454695468043656,0.9454217085706144,0.0,,0,,0,,,2972;6079;7380;364;3029;3886;5711;6045;2157;4817;456;5901;7605;2830;1420;1084;2973,2972:2100;6079:2101.378855611566;7380:2101.787743611566;364:2102.223127611566;3029:2104.2473356115656;3886:2104.7453596115656;5711:2107.2849436115657;6045:2108.6792236115657;2157:2112.867751611566;4817:2113.344535611566;456:2113.959415611566;5901:2114.714983611566;7605:2118.186679611566;2830:2118.416071611566;1420:2130.1211836115663;1084:2133.656167611566;2973:2134.4435283009025,9
1,9,default_vehtype,boarding,True,2086.7194811691365,2116.7194811691365,2969;-1;-1,2969;-1;-1,0.0,0.8221872573495645,0.8221872573495645,0.0,,0,27,1,27,,,,10
1,9,default_vehtype,route,False,2116.7194811691365,2135.135391190456,2969;-1;-1,2991;-1;-1,255.77652807388006,0.8221872573495645,0.8221616796967571,0.0,,0,27,1,,,2969;7192;1664;337;1075;537;2991,2969:2116.7194811691365;7192:2120.323124121083;1664:2123.577020121083;337:2131.337252121083;1075:2132.361092121083;537:2133.315092121083;2991:2135.135391190456,10
0,2,default_vehtype,route,False,2160.0,2191.5525995677963,2979;-1;-1,2981;-1;-1,147.12347258878,0.5430084083159149,0.542993695968656,0.0,,0,,0,,,2979;2786;2307;3549;3552;536;535;533;2981,2979:2160;2786:2162.004935564799;2307:2165.523695564799;3549:2171.160935564799;3552:2176.390192707656;536:2180.22470699337;535:2184.0592212790843;533:2189.2884784219414;2981:2191.5525995677963,3
0,3,default_vehtype,route,False,2128.523147606522,2208.195045705977,2982;-1;-1,2977;-1;-1,552.6256270192775,0.9619865420200733,0.9619312794573713,0.0,,0,24,1,,,2982;2809;7010;820;7498;276;2915;2661;7517;6201;7314;7529;7535;2931;2929;2927;2802;2977,2982:2128.523147606522;2809:2134.224114951947;7010:2137.1315949519467;820:2139.1125549519465;7498:2139.5805549519464;276:2139.6921549519466;2915:2151.0381549519466;2661:2158.2715149519468;7517:2165.5834749519468;6201:2166.444594951947;7314:2173.339914951947;7529:2180.5553949519467;7535:2185.6149378090895;2931:2189.266366380518;2929:2192.9177949519462;2927:2197.977337809089;2802:2205.192817809089;2977:2208.195045705977,4
1,8,default_vehtype,boarding,True,2134.4435283009025,2164.4435283009025,2973;-1;-1,2973;-1;-1,0.0,0.9454217085706144,0.9454217085706144,0.0,,0,28,1,28,,,,9
1,9,default_vehtype,boarding,True,2135.135391190456,2165.135391190456,2991;-1;-1,2991;-1;-1,0.0,0.8221616796967571,0.8221616796967571,0.0,,0,27;26,2,26,,,,10
0,2,default_vehtype,boarding,True,2191.5525995677963,2221.5525995677963,2981;-1;-1,2981;-1;-1,0.0,0.542993695968656,0.542993695968656,0.0,,0,29,1,29,,,,3
0,3,default_vehtype,boarding,True,2208.195045705977,2238.195045705977,2977;-1;-1,2977;-1;-1,0.0,0.9619312794573713,0.9619312794573713,0.0,,0,24,1,,24,,,4
1,9,default_vehtype,route,False,2165.135391190456,2221.8882961391823,2991;-1;-1,2993;-1;-1,788.2347909545251,0.8221616796967571,0.8220828562176616,0.0,,0,27;26,2,,,2991;3010;5631;1068;2559;6740;1717;2067;2063;1937;6789;3895;5465;7450;2993,2991:2165.135391190456;3010:2169.1826601210832;5631:2175.0320841210832;1068:2177.5844841210833;2559:2184.6350841210833;6740:2189.1057081210834;1717:2194.9394361210834;2067:2195.6772201210833;2063:2196.3934761210835;1937:2199.6634281210836;6789:2210.1998361210835;3895:2211.4668201210834;5465:2218.9987401210833;7450:2219.9829801210835;2993:2221.8882961391823,10
1,9,default_vehtype,boarding,True,2221.8882961391823,2251.8882961391823,2993;-1;-1,2993;-1;-1,0.0,0.8220828562176616,0.8220828562176616,0.0,,0,27;26,2,,26;27,,,10
1,1,default_vehtype,route,False,2280.0,2391.9445594855088,2977;-1;-1,2986;-1;-1,1060.4065922814566,0.6912065879569541,0.691100547297726,0.0,,0,,0,,,2977;6202;7315;7530;2803;7558;2806;4344;2996;3013;7322;2804;3061;1173;3425;4304;793;118;3979;4275;103;6480;7360;2986,2977:2280;6202:2283.893092103112;7315:2290.788412103112;7530:2298.003892103112;2803:2305.558852103112;7558:2312.953852103112;2806:2320.7876921031116;4344:2321.9906921031115;2996:2324.0341721031114;3013:2328.8192921031114;7322:2332.8299321031113;2804:2336.1566921031113;3061:2342.8247321031113;1173:2348.4230921031112;3425:2349.6060521031113;4304:2351.0083721031115;793:2363.1239321031117;118:2368.9882121031114;3979:2370.8387561031113;4275:2371.4300921031113;103:2372.5730201031115;6480:2385.8947481031114;7360:2391.396628103111;2986:2391.9445594855088,2
0,2,default_vehtype,route,False,2221.5525995677963,2356.6281570512815,2981;-1;-1,2976;-1;-1,1148.6160456957073,0.542993695968656,0.5428788343640865,0.0,,0,29,1,,,2981;6320;3549;6384;4032;1804;4277;5239;6501;3911;5389;7301;3914;5398;5400;4040;4041;5374;5418;5424;5403;6546;1200;7312;3767;4527;3089;3131;5447;7352;414;122;3426;4314;68;7318;7325;3011;4;4345;7330;2976,2981:2221.5525995677963;6320:2224.9257184219414;3549:2230.5629584219414;6384:2230.8247984219415;4032:2234.0464384219417;1804:2234.9623504219417;4277:2236.5504304219417;5239:2242.0550704219418;6501:2248.0176304219417;3911:2257.3724704219417;5389:2258.438310421942;7301:2258.692230421942;3914:2259.875910421942;5398:2261.052750421942;5400:2262.379350421942;4040:2271.684150421942;4041:2274.628470421942;5374:2278.881030421942;5418:2279.918310421942;5424:2280.0615904219417;5403:2281.166910421942;6546:2285.393790421942;1200:2290.002870421942;7312:2291.496630421942;3767:2293.503030421942;4527:2296.299870421942;3089:2304.709470421942;3131:2305.189710421942;5447:2307.577350421942;7352:2308.888710421942;414:2311.358430421942;122:2323.712790421942;3426:2324.966310421942;4314:2326.149270421942;68:2331.747630421942;7318:2338.415670421942;7325:2341.742430421942;3011:2345.753070421942;4:2350.538190421942;4345:2352.581670421942;7330:2353.784670421942;2976:2356.6281570512815,3
0,2,default_vehtype,boarding,True,2356.6281570512815,2386.6281570512815,2976;-1;-1,2976;-1;-1,0.0,0.5428788343640865,0.5428788343640865,0.0,,0,29,1,,29,,,3
1,8,default_vehtype,route,False,2164.4435283009025,2342.6862167574222,2973;-1;-1,2981;-1;-1,1853.8591110857842,0.9454217085706144,0.9452363226595057,0.0,,0,28,1,,,2973;7354;3525;6025;3063;6027;7362;2188;2186;5744;6033;5746;6031;146;2828;2376;3091;4274;880;3109;3874;4306;429;3125;3406;2825;1944;130;99;4526;714;2800;4339;2419;5404;5421;1925;1883;926;925;5399;1905;830;2795;1891;827;6499;1803;1141;5241;922;6385;3550;2981,2973:2164.4435283009025;7354:2168.240695611566;3525:2179.119535611566;6025:2180.860999611566;3063:2182.1256796115663;6027:2183.4276556115665;7362:2187.4358956115666;2188:2194.0990636115666;2186:2195.3753356115667;5744:2197.390759611567;6033:2198.760199611567;5746:2200.683607611567;6031:2202.1752316115667;146:2203.1363596115666;2828:2204.2281676115667;2376:2209.7300476115665;3091:2223.0517756115664;4274:2224.1947036115666;880:2224.7860396115666;3109:2226.6365836115665;3874:2232.5008636115663;4306:2244.6164236115665;429:2246.0187436115666;3125:2247.272263611567;3406:2259.6266236115666;2825:2262.0963436115667;1944:2263.407703611567;130:2265.7953436115668;99:2266.2755836115666;4526:2274.6851836115666;714:2277.4820236115665;2800:2279.4884236115668;4339:2280.9821836115666;2419:2285.591263611567;5404:2289.818143611567;5421:2290.923463611567;1925:2291.066743611567;1883:2292.104023611567;926:2296.3565836115667;925:2299.300903611567;5399:2308.6057036115667;1905:2309.9323036115666;830:2311.1091436115667;2795:2312.2928236115667;1891:2312.546743611567;827:2313.612583611567;6499:2322.967423611567;1803:2328.929983611567;1141:2334.434623611567;5241:2336.022703611567;922:2336.938615611567;6385:2340.160255611567;3550:2340.4220956115673;2981:2342.6862167574222,9
1,8,default_vehtype,boarding,True,2342.6862167574222,2372.6862167574222,2981;-1;-1,2981;-1;-1,0.0,0.9452363226595057,0.9452363226595057,0.0,,0,28,1,,28,,,9
1,1,default_vehtype,boarding,True,2391.9445594855088,2421.9445594855088,2986;-1;-1,2986;-1;-1,0.0,0.691100547297726,0.691100547297726,0,,0,30,1,30,,,,2
1,8,default_vehtype,boarding,True,2400.0,2430.0,2981;-1;-1,2981;-1;-1,0.0,0.9452363226595057,0.9452363226595057,0,,0,32,1,32,,,,9
1,1,default_vehtype,route,False,2421.9445594855088,2505.3028051399633,2986;-1;-1,2984;-1;-1,777.242669599201,0.691100547297726,0.691022823030766,0.0,,0,30,1,,,2986;3155;7358;2376;3091;4274;880;3109;3874;4306;429;4313;68;7318;7325;3011;4;4345;1199;1204;2996;2984,2986:2421.9445594855088;3155:2422.488436103111;7358:2423.580244103111;2376:2429.082124103111;3091:2442.4038521031107;4274:2443.546780103111;880:2444.138116103111;3109:2445.9886601031108;3874:2451.8529401031105;4306:2463.9685001031107;429:2465.370820103111;4313:2466.553780103111;68:2472.152140103111;7318:2478.820180103111;7325:2482.146940103111;3011:2486.157580103111;4:2490.942700103111;4345:2492.9861801031107;1199:2496.9765229602535;1204:2500.9668658173964;2996:2503.0103458173962;2984:2505.3028051399633,2
1,1,default_vehtype,boarding,True,2505.3028051399633,2535.3028051399633,2984;-1;-1,2984;-1;-1,0.0,0.691022823030766,0.691022823030766,0.0,,0,30,1,,30,,,2
1,9,default_vehtype,route,False,2340.0,2533.3152550879277,2993;-1;-1,2989;-1;-1,2141.100970076626,0.8220828562176616,0.821868746120654,0.0,,0,,0,,,2993;4483;7446;1960;816;6786;5444;1716;2720;4210;1711;98;2497;7434;2760;542;1074;1071;1070;1069;1067;1504;4396;710;2281;4664;6260;3300;1832;708;6180;2405;6169;2744;2567;2576;3077;3241;88;2758;2742;2448;2353;6140;7386;3742;7100;6318;737;6639;2446;2301;1992;1990;1988;1985;3729;5498;5496;5699;5494;5695;3307;3987;6878;2989,2993:2340;4483:2340.7614199819013;7446:2343.4281559819015;1960:2344.4123959819017;816:2351.9443159819016;6786:2353.2112999819014;5444:2363.7477079819014;1716:2366.5380679819013;2720:2367.284707981901;4210:2368.182979981901;1711:2369.312659981901;98:2377.928467981901;2497:2379.439099981901;7434:2386.646947981901;2760:2393.185483981901;542:2400.713587981901;1074:2401.646995981901;1071:2402.649523981901;1070:2417.112811981901;1069:2417.851099981901;1067:2420.513155981901;1504:2424.966931981901;4396:2425.1932279819007;710:2425.7438839819006;2281:2426.7495799819008;4664:2430.627571981901;6260:2431.073467981901;3300:2431.672579981901;1832:2434.462795981901;708:2435.001859981901;6180:2435.425291981901;2405:2437.647691981901;6169:2441.124811981901;2744:2445.725371981901;2567:2447.568331981901;2576:2456.0568919819007;3077:2458.1895319819005;3241:2461.3184119819007;88:2463.2452519819008;2758:2465.2086919819008;2742:2465.615131981901;2448:2468.800771981901;2353:2475.001651981901;6140:2480.172691981901;7386:2481.515131981901;3742:2489.174131981901;7100:2489.713771981901;6318:2490.191851981901;737:2491.107571981901;6639:2492.956771981901;2446:2494.528051981901;2301:2496.825091981901;1992:2497.850131981901;1990:2499.547051981901;1988:2502.001051981901;1985:2505.522811981901;3729:2507.870251981901;5498:2509.267651981901;5496:2512.174891981901;5699:2512.872331981901;5494:2513.976091981901;5695:2514.738811981901;3307:2525.477251981901;3987:2532.304411981901;6878:2532.907771981901;2989:2533.3152550879277,10
1,9,default_vehtype,boarding,True,2533.3152550879277,2563.3152550879277,2989;-1;-1,2989;-1;-1,0.0,0.821868746120654,0.821868746120654,0.0,,0,31,1,31,,,,10
1,8,default_vehtype,route,False,2430.0,2603.936803902199,2981;-1;-1,2969;-1;-1,2279.3367272297323,0.9452363226595057,0.9450083889867827,0.0,,0,32,1,,,2981;6320;3549;6384;4032;1804;4811;5237;608;459;2416;4011;5246;363;366;2314;2877;1748;2880;906;984;2268;1857;1806;1371;938;5442;4054;2205;1369;2047;3631;4079;4572;4577;778;3636;3639;3642;7178;5275;5297;5072;1464;2847;5825;4587;5794;3202;2065;2023;4203;4198;336;2969,2981:2430;6320:2433.373118854145;3549:2439.010358854145;6384:2439.2721988541452;4032:2442.4938388541455;1804:2443.4097508541454;4811:2445.0923908541454;5237:2449.8328708541453;608:2458.698950854145;459:2459.028710854145;2416:2461.242350854145;4011:2461.906478854145;5246:2467.831646854145;363:2474.740334854145;366:2476.145414854145;2314:2477.290286854145;2877:2490.461390854145;1748:2491.579910854145;2880:2492.741702854145;906:2504.967014854145;984:2507.736710854145;2268:2508.4845748541447;1857:2508.870494854145;1806:2509.5326788541447;1371:2510.202854854145;938:2512.7839828541446;5442:2522.5046308541446;4054:2530.1446228541445;2205:2535.8970628541447;1369:2542.3432228541446;2047:2543.2862788541447;3631:2544.849110854145;4079:2545.9163668541446;4572:2549.7147988541446;4577:2551.4474788541447;778:2555.753798854145;3636:2556.757190854145;3639:2557.610318854145;3642:2558.673902854145;7178:2562.252302854145;5275:2566.761590854145;5297:2570.140406854145;5072:2570.370662854145;1464:2577.311174854145;2847:2578.3818868541453;5825:2581.280534854145;4587:2583.560846854145;5794:2585.180990854145;3202:2589.302342854145;2065:2594.446598854145;2023:2600.004926854145;4203:2600.805710854145;4198:2601.787358854145;336:2602.810478854145;2969:2603.936803902199,9
1,8,default_vehtype,boarding,True,2603.936803902199,2633.936803902199,2969;-1;-1,2969;-1;-1,0.0,0.9450083889867827,0.9450083889867827,0.0,,0,32,1,,32,,,9
0,5,default_vehtype,route,False,2460,2671.592784029854,2979;-1;-1,2992;-1;-1,2790.388802832414,0.9157914677647722,0.915512428884489,0.0,,0,,0,,,2979;2786;2307;3549;6384;4032;1804;4811;5237;608;459;2416;4011;5246;363;366;2314;2877;1748;2880;906;984;2268;1857;1806;1371;938;5442;4054;2205;1369;2047;3631;4079;4572;4577;778;3636;3639;3642;7178;5275;5297;5072;1464;2847;5825;4587;5794;3202;2065;2023;4203;537;18;5629;1068;2559;6740;1717;2067;2063;1937;2992,2979:2460;2786:2462.004935564799;2307:2465.523695564799;3549:2471.160935564799;6384:2471.422775564799;4032:2474.644415564799;1804:2475.560327564799;4811:2477.242967564799;5237:2481.983447564799;608:2490.849527564799;459:2491.179287564799;2416:2493.392927564799;4011:2494.0570555647987;5246:2499.982223564799;363:2506.890911564799;366:2508.295991564799;2314:2509.4408635647987;2877:2522.6119675647988;1748:2523.7304875647988;2880:2524.8922795647986;906:2537.1175915647987;984:2539.8872875647985;2268:2540.6351515647984;1857:2541.0210715647986;1806:2541.6832555647984;1371:2542.3534315647985;938:2544.9345595647983;5442:2554.6552075647983;4054:2562.295199564798;2205:2568.0476395647984;1369:2574.4937995647983;2047:2575.4368555647984;3631:2576.9996875647985;4079:2578.0669435647983;4572:2581.8653755647983;4577:2583.5980555647984;778:2587.9043755647986;3636:2588.9077675647986;3639:2589.760895564799;3642:2590.824479564799;7178:2594.4028795647987;5275:2598.912167564799;5297:2602.290983564799;5072:2602.5212395647986;1464:2609.4617515647988;2847:2610.532463564799;5825:2613.431111564799;4587:2615.7114235647987;5794:2617.3315675647987;3202:2621.452919564799;2065:2626.597175564799;2023:2632.155503564799;4203:2632.956287564799;537:2633.910287564799;18:2639.777855564799;5629:2645.627279564799;1068:2648.1796795647992;2559:2655.2302795647993;6740:2659.7009035647993;1717:2665.5346315647994;2067:2666.2724155647993;2063:2666.9886715647995;1937:2670.2586235647996;2992:2671.592784029854,6
0,5,default_vehtype,boarding,True,2671.592784029854,2701.592784029854,2992;-1;-1,2992;-1;-1,0.0,0.915512428884489,0.915512428884489,0.0,,0,33,1,33,,,,6
1,8,default_vehtype,route,False,2633.936803902199,2713.569186733062,2969;-1;-1,2990;-1;-1,728.1426288791162,0.9450083889867827,0.9449355747238948,0.0,,0,,0,,,2969;7192;1664;1659;538;4990;4939;5252;3070;1657;4439;4842;1272;3423;4282;4975;6830;4349;4937;669;5061;7265;3848;534;2839;5449;2990,2969:2633.936803902199;7192:2637.540446854145;1664:2640.7943428541453;1659:2645.5539028541452;538:2646.7049428541454;4990:2650.4020228541453;4939:2651.792582854145;5252:2657.217302854145;3070:2658.253742854145;1657:2665.770542854145;4439:2671.400702854145;4842:2675.785262854145;1272:2675.970182854145;3423:2677.186742854145;4282:2680.964222854145;4975:2682.013982854145;6830:2682.786902854145;4349:2683.335782854145;4937:2687.705342854145;669:2698.012742854145;5061:2703.821102854145;7265:2704.604342854145;3848:2705.578982854145;534:2709.6239428541453;2839:2710.982582854145;5449:2712.181622854145;2990:2713.569186733062,9
1,8,default_vehtype,boarding,True,2713.569186733062,2743.569186733062,2990;-1;-1,2990;-1;-1,0.0,0.9449355747238948,0.9449355747238948,0.0,,0,34;35,2,34;35,,,,9
1,8,default_vehtype,route,False,2743.569186733062,2754.6222266921604,2990;-1;-1,2970;-1;-1,92.10866632581656,0.9449355747238948,0.9449263638572621,0.0,,0,34;35,2,,,2990;2552;1946;7401;3560;2970,2990:2743.569186733062;2552:2746.4349028541455;1946:2750.6881828541455;7401:2751.8872228541454;3560:2752.9627828541456;2970:2754.6222266921604,9
1,8,default_vehtype,boarding,True,2754.6222266921604,2784.6222266921604,2970;-1;-1,2970;-1;-1,0.0,0.9449263638572621,0.9449263638572621,0.0,,0,34;35,2,,34,,,9
1,8,default_vehtype,boarding,True,2784.6222266921604,2814.6222266921604,2970;-1;-1,2970;-1;-1,0.0,0.9449263638572621,0.9449263638572621,0.0,,0,35;37,2,37,,,,9
1,9,default_vehtype,route,False,2563.3152550879277,2810.0194472868748,2989;-1;-1,2978;-1;-1,2555.424668324549,0.821868746120654,0.8216132036538215,0.0,,0,31,1,,,2989;3808;6876;885;316;2042;1982;6306;374;7114;3246;5330;661;445;6080;7381;364;3029;3886;5711;6045;2157;4817;456;5901;7605;2830;5852;6913;1321;597;2204;6066;6049;7367;2188;2186;5744;6033;5746;6031;146;2828;2376;3091;4274;880;3109;3874;4306;429;3125;3406;2825;1944;130;99;4526;714;2800;4339;2419;5404;5421;1925;1883;926;925;5399;1905;830;2795;918;3075;7097;7290;2736;1744;1164;2789;1182;2978,2989:2563.3152550879277;3808:2563.9757719819013;6876:2565.0437719819015;885:2565.6471319819016;316:2572.4742919819014;2042:2583.2127319819015;1982:2583.9754519819016;6306:2584.1922919819017;374:2592.4932919819016;7114:2594.7082999819017;3246:2595.8461159819017;5330:2596.593691981902;661:2597.5851319819017;445:2600.6148199819017;6080:2603.438227981902;7381:2603.847115981902;364:2604.2824999819018;3029:2606.3067079819016;3886:2606.8047319819016;5711:2609.3443159819017;6045:2610.7385959819017;2157:2614.927123981902;4817:2615.4039079819017;456:2616.018787981902;5901:2616.774355981902;7605:2620.246051981902;2830:2620.475443981902;5852:2627.002171981902;6913:2628.898579981902;1321:2634.047011981902;597:2634.509899981902;2204:2636.067187981902;6066:2636.712883981902;6049:2640.939211981902;7367:2643.2127559819023;2188:2649.8759239819024;2186:2651.1521959819024;5744:2653.1676199819026;6033:2654.5370599819025;5746:2656.4604679819026;6031:2657.9520919819024;146:2658.9132199819023;2828:2660.0050279819025;2376:2665.5069079819023;3091:2678.828635981902;4274:2679.9715639819024;880:2680.5628999819023;3109:2682.413443981902;3874:2688.277723981902;4306:2700.393283981902;429:2701.7956039819023;3125:2703.0491239819025;3406:2715.4034839819024;2825:2717.8732039819024;1944:2719.1845639819026;130:2721.5722039819025;99:2722.0524439819023;4526:2730.4620439819023;714:2733.2588839819023;2800:2735.2652839819025;4339:2736.7590439819023;2419:2741.3681239819025;5404:2745.5950039819027;5421:2746.700323981903;1925:2746.8436039819026;1883:2747.8808839819026;926:2752.1334439819025;925:2755.0777639819025;5399:2764.3825639819024;1905:2765.7091639819023;830:2766.8860039819024;2795:2768.0696839819025;918:2769.2118439819023;3075:2777.0848039819025;7097:2777.9341639819027;7290:2783.7362839819025;2736:2792.4547639819025;1744:2793.9100039819023;1164:2805.0185239819025;2789:2806.4303239819023;1182:2807.3472439819025;2978:2810.0194472868748,10
0,1,default_vehtype,route,False,2700.0,2866.2007844944387,2984;-1;-1,2972;-1;-1,1890.104399929079,0.691022823030766,0.690833812590773,0.0,,0,,0,,,2984;3012;7321;2804;3061;1173;3425;4304;793;118;3979;4275;103;6480;7360;3154;6028;5745;6035;5743;6038;6041;7365;6050;6068;6077;3629;4502;6912;2108;7370;7608;5900;3459;4818;5992;6047;5708;3884;3030;3347;7376;2207;3446;3720;5332;251;2711;3358;2296;5681;2294;2035;6308;374;7114;3246;5330;661;445;2972,2984:2700;3012:2702.492660677433;7321:2706.503300677433;2804:2709.830060677433;3061:2716.498100677433;1173:2722.096460677433;3425:2723.279420677433;4304:2724.681740677433;793:2736.797300677433;118:2742.661580677433;3979:2744.512124677433;4275:2745.103460677433;103:2746.246388677433;6480:2759.568116677433;7360:2765.0699966774328;3154:2766.161804677433;6028:2767.122932677433;5745:2768.6145566774326;6035:2770.5379646774327;5743:2771.9074046774326;6038:2773.922828677433;6041:2775.199100677433;7365:2781.862268677433;6050:2784.135812677433;6068:2788.362140677433;6077:2789.0078366774333;3629:2790.5651246774332;4502:2791.0280126774333;6912:2796.176444677433;2108:2798.0728526774333;7370:2804.599580677433;7608:2804.8289726774333;5900:2808.3006686774334;3459:2809.0562366774334;4818:2809.6711166774335;5992:2810.1479006774334;6047:2814.3364286774336;5708:2815.7307086774335;3884:2818.2702926774336;3030:2818.7683166774336;3347:2820.7925246774334;7376:2821.2279086774333;2207:2821.6367966774333;3446:2824.4602046774335;3720:2827.4898926774335;5332:2828.4813326774333;251:2829.2289086774335;2711:2830.3667246774335;3358:2832.5817326774336;2296:2840.8827326774335;5681:2843.2767326774333;2294:2844.608218391719;2035:2845.939704106005;6308:2848.333704106005;374:2856.634704106005;7114:2858.849712106005;3246:2859.987528106005;5330:2860.735104106005;661:2861.726544106005;445:2864.756232106005;2972:2866.2007844944387,2
1,9,default_vehtype,boarding,True,2810.0194472868748,2840.0194472868748,2978;-1;-1,2978;-1;-1,0.0,0.8216132036538215,0.8216132036538215,0.0,,0,31,1,,31,,,10
0,1,default_vehtype,boarding,True,2866.2007844944387,2896.2007844944387,2972;-1;-1,2972;-1;-1,0.0,0.690833812590773,0.690833812590773,0.0,,0,36,1,36,,,,2
1,8,default_vehtype,route,False,2814.6222266921604,2939.740425839739,2970;-1;-1,2988;-1;-1,1089.6601840862809,0.9449263638572621,0.9448173978388535,0.0,,0,35;37,2,,,2970;671;662;7398;3491;6933;7394;6989;7392;5704;7389;3806;2573;885;316;2042;1982;6306;374;7114;3246;5330;661;445;6080;7381;364;3029;69;30;3346;2832;2207;2988,2970:2814.6222266921604;671:2815.652342854146;662:2838.102062854146;7398:2841.621302854146;3491:2847.946022854146;6933:2848.857782854146;7394:2854.2193828541463;6989:2854.8137428541463;7392:2864.0248228541464;5704:2866.3899028541464;7389:2880.9281428541462;3806:2884.9925428541464;2573:2886.0605428541467;885:2886.6639028541467;316:2893.4910628541465;2042:2904.2295028541466;1982:2904.992222854147;6306:2905.209062854147;374:2913.510062854147;7114:2915.725070854147;3246:2916.862886854147;5330:2917.610462854147;661:2918.601902854147;445:2921.631590854147;6080:2924.454998854147;7381:2924.863886854147;364:2925.299270854147;3029:2927.3234788541467;69:2931.4557645684326;30:2935.5880502827185;3346:2937.6122582827184;2832:2938.0476422827182;2207:2938.456530282718;2988:2939.740425839739,9
0,5,default_vehtype,route,False,2701.592784029854,2984.179954947197,2992;-1;-1,2986;-1;-1,3048.0671516297666,0.915512428884489,0.915207622169326,0.0,,0,33,1,,,2992;2526;5444;1716;2720;4210;1711;98;2497;7434;2760;542;1074;4204;5649;5760;205;5793;1407;5826;7411;4686;5074;5295;5274;7181;604;603;1365;2574;7139;1693;1114;5299;7129;754;611;1812;1186;7311;3767;4527;3089;3131;5447;7352;414;122;3426;4305;793;118;3979;4275;103;6480;7360;2986,2992:2701.592784029854;2526:2710.7950315647995;5444:2721.3314395647994;1716:2724.1217995647994;2720:2724.8684395647992;4210:2725.766711564799;1711:2726.896391564799;98:2735.512199564799;2497:2737.022831564799;7434:2744.230679564799;2760:2750.769215564799;542:2758.297319564799;1074:2759.230727564799;4204:2760.212375564799;5649:2761.013159564799;5760:2766.571487564799;205:2771.715743564799;5793:2775.8370955647993;1407:2777.4572395647992;5826:2779.737551564799;7411:2782.636199564799;4686:2783.706911564799;5074:2790.6474235647993;5295:2790.877679564799;5274:2794.256495564799;7181:2798.765783564799;604:2802.344183564799;603:2803.407767564799;1365:2805.349487564799;2574:2816.857367564799;7139:2823.123767564799;1693:2824.762367564799;1114:2841.1028875647994;5299:2855.6480875647994;7129:2856.9990475647996;754:2900.5591675647997;611:2901.8077675647996;1812:2906.3789275647996;1186:2907.5561275647997;7311:2908.3717675647995;3767:2910.3781675647997;4527:2913.1750075647997;3089:2921.5846075647996;3131:2922.0648475647995;5447:2924.4524875647994;7352:2925.7638475647996;414:2928.2335675647996;122:2940.5879275647994;3426:2941.8414475647996;4305:2943.2437675648;793:2955.3593275648;118:2961.2236075647997;3979:2963.0741515647996;4275:2963.6654875647996;103:2964.8084155648;6480:2978.1301435647997;7360:2983.6320235647995;2986:2984.179954947197,6
1,8,default_vehtype,boarding,True,2939.740425839739,2969.740425839739,2988;-1;-1,2988;-1;-1,0.0,0.9448173978388535,0.9448173978388535,0.0,,0,35;37,2,,35,,,9
1,8,default_vehtype,route,False,2969.740425839739,2972.7244906711517,2988;-1;-1,2972;-1;-1,41.44534488073482,0.9448173978388535,0.9448132533043655,0.0,,0,37,1,,,2988;3447;2972,2988:2969.740425839739;3447:2971.279938282718;2972:2972.7244906711517,9
0,1,default_vehtype,route,False,2896.2007844944387,3043.3121083283118,2972;-1;-1,2985;-1;-1,1272.6774024545985,0.690833812590773,0.6907065448505276,0.0,,0,36,1,,,2972;6079;7380;364;3029;3886;5711;6045;2157;4817;456;5901;7605;2830;5852;6913;1321;597;2204;6066;6049;7367;2188;2186;5744;6033;5746;6031;146;2828;2376;3091;4274;880;3109;114;5021;1108;1680;3103;3110;3980;2985,2972:2896.2007844944387;6079:2897.5796401060047;7380:2897.9885281060047;364:2898.4239121060045;3029:2900.4481201060044;3886:2900.9461441060043;5711:2903.4857281060044;6045:2904.8800081060044;2157:2909.0685361060046;4817:2909.5453201060045;456:2910.1602001060046;5901:2910.9157681060046;7605:2914.3874641060047;2830:2914.616856106005;5852:2921.1435841060047;6913:2923.039992106005;1321:2928.1884241060047;597:2928.6513121060048;2204:2930.2086001060047;6066:2930.8542961060048;6049:2935.080624106005;7367:2937.354168106005;2188:2944.017336106005;2186:2945.293608106005;5744:2947.3090321060054;6033:2948.6784721060053;5746:2950.6018801060054;6031:2952.093504106005;146:2953.054632106005;2828:2954.1464401060052;2376:2959.648320106005;3091:2972.970048106005;4274:2974.112976106005;880:2974.704312106005;3109:2976.554856106005;114:2981.367027534576;5021:2983.740456106005;1108:3008.809827534576;1680:3033.8791989631472;3103:3036.252627534576;3110:3041.064798963147;3980:3042.915342963147;2985:3043.3121083283118,2
0,3,default_vehtype,boarding,True,3000.0,3030.0,2977;-1;-1,2977;-1;-1,0.0,0.9619312794573713,0.9619312794573713,0.0,,0,41,1,41,,,,4
0,5,default_vehtype,boarding,True,2984.179954947197,3014.179954947197,2986;-1;-1,2986;-1;-1,0.0,0.915207622169326,0.915207622169326,0.0,,0,33,1,,33,,,6
1,8,default_vehtype,boarding,True,2972.7244906711517,3002.7244906711517,2972;-1;-1,2972;-1;-1,0.0,0.9448132533043655,0.9448132533043655,0.0,,0,37,1,,37,,,9
0,1,default_vehtype,boarding,True,3043.3121083283118,3073.3121083283118,2985;-1;-1,2985;-1;-1,0.0,0.6907065448505276,0.6907065448505276,0.0,,0,36,1,,36,,,2
0,3,default_vehtype,route,False,3030.0,3113.404501900545,2977;-1;-1,2982;-1;-1,577.1723729807225,0.9619312794573713,0.9618735622200733,0.0,,0,41,1,,,2977;6202;7516;7037;7512;3274;2902;3901;7011;7336;4365;7288;1182;1001;6296;6301;2298;2295;2293;4102;4325;7285;1218;2982,2977:3030;6202:3033.893092103112;7516:3034.754212103112;7037:3042.066172103112;7512:3049.299532103112;3274:3060.645532103112;2902:3060.7571321031123;3901:3061.225132103112;7011:3063.206092103112;7336:3066.113572103112;4365:3073.6946921031117;7288:3074.8178921031117;1182:3075.734812103112;1001:3081.025972103112;6296:3083.385292103112;6301:3088.327577817398;2298:3092.609520674541;2295:3096.8914635316837;2293:3101.8337492459696;4102:3104.1930692459696;4325:3109.48422924597;7285:3110.40114924597;1218:3111.52434924597;2982:3113.404501900545,4
0,5,default_vehtype,boarding,True,3060.0,3090.0,2986;-1;-1,2986;-1;-1,0.0,0.915207622169326,0.915207622169326,0.0,,0,42,1,42,,,,6
1,7,default_vehtype,route,False,2880.0,3112.4834915828983,2979;-1;-1,2993;-1;-1,3080.537518846917,0.8572989887334688,0.8569909349815842,0.0,,0,,0,,,2979;2786;2307;3549;6384;4032;1804;4811;5237;608;459;2416;4011;5246;363;366;2314;2877;1748;2880;906;984;2268;1857;1806;1371;938;5442;4054;2205;1369;2047;3631;4079;4572;4577;778;3636;3639;3642;7178;5275;5297;5072;1464;2847;5825;4587;5794;3202;2065;2023;4203;537;18;5629;1068;2559;6740;1717;2067;2063;1937;6789;3895;5465;7450;2993,2979:2880;2786:2882.004935564799;2307:2885.523695564799;3549:2891.160935564799;6384:2891.422775564799;4032:2894.644415564799;1804:2895.560327564799;4811:2897.242967564799;5237:2901.983447564799;608:2910.849527564799;459:2911.179287564799;2416:2913.392927564799;4011:2914.0570555647987;5246:2919.982223564799;363:2926.890911564799;366:2928.295991564799;2314:2929.4408635647987;2877:2942.6119675647988;1748:2943.7304875647988;2880:2944.8922795647986;906:2957.1175915647987;984:2959.8872875647985;2268:2960.6351515647984;1857:2961.0210715647986;1806:2961.6832555647984;1371:2962.3534315647985;938:2964.9345595647983;5442:2974.6552075647983;4054:2982.295199564798;2205:2988.0476395647984;1369:2994.4937995647983;2047:2995.4368555647984;3631:2996.9996875647985;4079:2998.0669435647983;4572:3001.8653755647983;4577:3003.5980555647984;778:3007.9043755647986;3636:3008.9077675647986;3639:3009.760895564799;3642:3010.824479564799;7178:3014.4028795647987;5275:3018.912167564799;5297:3022.290983564799;5072:3022.5212395647986;1464:3029.4617515647988;2847:3030.532463564799;5825:3033.431111564799;4587:3035.7114235647987;5794:3037.3315675647987;3202:3041.452919564799;2065:3046.597175564799;2023:3052.155503564799;4203:3052.956287564799;537:3053.910287564799;18:3059.777855564799;5629:3065.627279564799;1068:3068.1796795647992;2559:3075.2302795647993;6740:3079.7009035647993;1717:3085.5346315647994;2067:3086.2724155647993;2063:3086.9886715647995;1937:3090.2586235647996;6789:3100.7950315647995;3895:3102.0620155647994;5465:3109.5939355647993;7450:3110.5781755647995;2993:3112.4834915828983,8
1,8,default_vehtype,route,False,3002.7244906711517,3119.2577261616357,2972;-1;-1,2990;-1;-1,1039.575804707168,0.9448132533043655,0.9447092957238948,0.0,,0,,0,,,2972;6079;3446;3720;5332;251;2711;3358;2296;5495;5696;3307;3987;6878;746;2834;2045;2835;2641;7396;2616;486;2838;3722;3732;544;7400;5449;2990,2972:3002.7244906711517;6079:3004.1033462827177;3446:3006.926754282718;3720:3009.956442282718;5332:3010.9478822827177;251:3011.695458282718;2711:3012.833274282718;3358:3015.048282282718;2296:3023.349282282718;5495:3023.566122282718;5696:3024.328842282718;3307:3035.067282282718;3987:3041.894442282718;6878:3042.497802282718;746:3043.5658022827183;2834:3047.6302022827185;2045:3062.1684422827184;2835:3064.5335222827184;2641:3073.7446022827185;7396:3074.3389622827185;2616:3079.7005622827187;486:3080.6123222827187;2838:3086.9370422827187;3722:3090.456282282719;3732:3112.906002282719;544:3115.5955622827187;7400:3116.671122282719;5449:3117.870162282719;2990:3119.2577261616357,9
0,0,default_vehtype,route,False,2880.0,3139.456926629284,2980;-1;-1,2992;-1;-1,2689.886005111758,0.7640227612645912,0.7637537726640801,0.0,,0,,0,,,2980;914;2135;1730;2664;2579;2961;2407;2581;370;361;2874;1887;1805;363;366;2314;2877;1748;2880;906;984;2268;1857;1806;1371;938;5442;4054;2205;1369;2047;3631;4079;4572;4577;778;3636;3639;3642;7178;5275;5297;5072;1464;2847;5825;4587;5794;3202;2065;2023;4203;537;18;5629;1068;2559;6740;1717;2067;2063;1937;2992,2980:2880;914:2895.8821707356574;2135:2903.8330278785147;1730:2919.2893707356575;2664:2921.1114850213717;2579:2925.9874278785146;2961:2942.7582850213716;2407:2948.0070850213715;2581:2956.494342164229;370:2958.077190164229;361:2960.574294164229;2874:2961.160302164229;1887:2966.815686164229;1805:2967.846366164229;363:2974.755054164229;366:2976.160134164229;2314:2977.305006164229;2877:2990.476110164229;1748:2991.594630164229;2880:2992.7564221642288;906:3004.981734164229;984:3007.7514301642286;2268:3008.4992941642286;1857:3008.8852141642287;1806:3009.5473981642285;1371:3010.2175741642286;938:3012.7987021642284;5442:3022.5193501642284;4054:3030.1593421642283;2205:3035.9117821642285;1369:3042.3579421642285;2047:3043.3009981642285;3631:3044.8638301642286;4079:3045.9310861642284;4572:3049.7295181642285;4577:3051.4621981642285;778:3055.7685181642287;3636:3056.7719101642288;3639:3057.625038164229;3642:3058.688622164229;7178:3062.267022164229;5275:3066.776310164229;5297:3070.155126164229;5072:3070.3853821642288;1464:3077.325894164229;2847:3078.396606164229;5825:3081.295254164229;4587:3083.575566164229;5794:3085.195710164229;3202:3089.317062164229;2065:3094.461318164229;2023:3100.019646164229;4203:3100.820430164229;537:3101.774430164229;18:3107.6419981642293;5629:3113.4914221642293;1068:3116.0438221642294;2559:3123.0944221642294;6740:3127.5650461642294;1717:3133.3987741642295;2067:3134.1365581642294;2063:3134.8528141642296;1937:3138.1227661642297;2992:3139.456926629284,1
0,0,default_vehtype,boarding,True,3139.456926629284,3169.456926629284,2992;-1;-1,2992;-1;-1,0.0,0.7637537726640801,0.7637537726640801,0.0,,0,39,1,39,,,,1
0,1,default_vehtype,route,False,3073.3121083283118,3149.0302556524834,2985;-1;-1,2973;-1;-1,1051.6409350579365,0.6907065448505276,0.6906013807570218,0.0,,0,,0,,,2985;1140;103;6480;7360;3154;6028;5745;6035;5743;6038;6041;7365;6050;6068;6077;3629;4502;6912;2108;7370;1420;1084;2973,2985:3073.3121083283118;1140:3073.506678963147;103:3074.649606963147;6480:3087.971334963147;7360:3093.473214963147;3154:3094.565022963147;6028:3095.526150963147;5745:3097.0177749631466;6035:3098.9411829631467;5743:3100.3106229631467;6038:3102.326046963147;6041:3103.602318963147;7365:3110.265486963147;6050:3112.539030963147;6068:3116.7653589631473;6077:3117.4110549631473;3629:3118.9683429631473;4502:3119.4312309631473;6912:3124.5796629631473;2108:3126.4760709631473;7370:3133.002798963147;1420:3144.7079109631472;1084:3148.242894963147;2973:3149.0302556524834,2
0,1,default_vehtype,boarding,True,3149.0302556524834,3179.0302556524834,2973;-1;-1,2973;-1;-1,0.0,0.6906013807570218,0.6906013807570218,0.0,,0,43,1,43,,,,2
0,3,default_vehtype,boarding,True,3113.404501900545,3143.404501900545,2982;-1;-1,2982;-1;-1,0.0,0.9618735622200733,0.9618735622200733,0.0,,0,41,1,,41,,,4
1,7,default_vehtype,boarding,True,3112.4834915828983,3142.4834915828983,2993;-1;-1,2993;-1;-1,0.0,0.8569909349815842,0.8569909349815842,0.0,,0,38,1,38,,,,8
1,8,default_vehtype,boarding,True,3119.2577261616357,3149.2577261616357,2990;-1;-1,2990;-1;-1,0.0,0.9447092957238948,0.9447092957238948,0.0,,0,40,1,40,,,,9
0,0,default_vehtype,route,False,3169.456926629284,3206.474255158027,2992;-1;-1,2967;-1;-1,371.725848613485,0.7637537726640801,0.7637166000792187,0.0,,0,39,1,,,2992;2526;3895;5465;7450;1719;3469;470;469;5079;7447;1960;2967,2992:3169.456926629284;2526:3178.6591741642296;3895:3179.9261581642295;5465:3187.4580781642294;7450:3188.4423181642296;1719:3189.2589421642297;3469:3190.2788941642298;470:3196.2399798785154;469:3202.201065592801;5079:3203.221017592801;7447:3204.0376415928013;1960:3205.0218815928015;2967:3206.474255158027,1
0,0,default_vehtype,boarding,True,3206.474255158027,3236.474255158027,2967;-1;-1,2967;-1;-1,0.0,0.7637166000792187,0.7637166000792187,0.0,,0,39;44,2,44,,,,1
0,5,default_vehtype,route,False,3090,3298.5752713127613,2986;-1;-1,2970;-1;-1,2037.3895405612639,0.915207622169326,0.9150038832152699,0.0,,0,42,1,,,2986;3155;6029;5745;6035;5743;6038;6041;7365;6050;6068;6077;3629;4502;6912;2108;7370;7608;5900;3459;4818;5992;6047;5708;3884;3030;3347;7376;2207;3446;3720;5332;251;2711;3358;2296;5495;5696;3307;3987;6878;746;2834;2045;2835;2641;7396;2616;486;2838;3722;3732;544;7400;5449;6824;4848;1631;1593;6821;1946;7401;3560;2970,2986:3090;3155:3090.543876617602;6029:3091.505004617602;5745:3092.996628617602;6035:3094.920036617602;5743:3096.289476617602;6038:3098.304900617602;6041:3099.581172617602;7365:3106.244340617602;6050:3108.5178846176022;6068:3112.7442126176024;6077:3113.3899086176025;3629:3114.9471966176025;4502:3115.4100846176025;6912:3120.5585166176024;2108:3122.4549246176025;7370:3128.9816526176023;7608:3129.2110446176025;5900:3132.6827406176026;3459:3133.4383086176026;4818:3134.0531886176027;5992:3134.5299726176027;6047:3138.718500617603;5708:3140.1127806176028;3884:3142.652364617603;3030:3143.150388617603;3347:3145.1745966176027;7376:3145.6099806176026;2207:3146.0188686176025;3446:3148.8422766176027;3720:3151.8719646176028;5332:3152.8634046176026;251:3153.6109806176028;2711:3154.7487966176027;3358:3156.963804617603;2296:3165.2648046176027;5495:3165.481644617603;5696:3166.244364617603;3307:3176.982804617603;3987:3183.809964617603;6878:3184.413324617603;746:3185.481324617603;2834:3189.5457246176034;2045:3204.083964617603;2835:3206.4490446176032;2641:3215.6601246176033;7396:3216.2544846176033;2616:3221.6160846176035;486:3222.5278446176035;2838:3228.8525646176035;3722:3232.3718046176036;3732:3254.8215246176037;544:3257.5110846176035;7400:3258.5866446176037;5449:3259.7856846176037;6824:3264.0389646176036;4848:3271.5192846176037;1631:3277.213456046175;1593:3282.9076274747463;6821:3290.3879474747464;1946:3294.6412274747463;7401:3295.8402674747463;3560:3296.9158274747465;2970:3298.5752713127613,6
1,3,default_vehtype,boarding,True,3300.0,3330.0,2982;-1;-1,2982;-1;-1,0.0,0.9618735622200733,0.9618735622200733,0.0,,0,45,1,45,,,,4
0,5,default_vehtype,boarding,True,3298.5752713127613,3328.5752713127613,2970;-1;-1,2970;-1;-1,0.0,0.9150038832152699,0.9150038832152699,0.0,,0,42,1,,42,,,6
1,7,default_vehtype,route,False,3142.4834915828983,3334.543503953233,2993;-1;-1,2972;-1;-1,2183.785505143543,0.8569909349815842,0.8567725564310699,0.0,,0,38,1,,,2993;4483;7446;1960;816;6786;5444;1716;2720;4210;1711;98;2497;7434;2760;542;1074;1071;1070;1069;1067;1504;4396;710;2281;4664;6260;3300;1832;708;6180;2405;6169;2744;2567;2576;3077;3241;88;2758;2742;2448;2353;6140;7386;3742;7100;6318;737;6639;2446;2301;1992;1990;1988;1985;3729;5498;5496;5699;5494;6307;374;7114;3246;5330;661;445;2972,2993:3142.4834915828983;4483:3143.2449115647996;7446:3145.9116475647998;1960:3146.8958875648;816:3154.4278075648;6786:3155.6947915647997;5444:3166.2311995647997;1716:3169.0215595647996;2720:3169.7681995647995;4210:3170.6664715647994;1711:3171.7961515647994;98:3180.4119595647994;2497:3181.9225915647994;7434:3189.1304395647994;2760:3195.6689755647994;542:3203.1970795647994;1074:3204.1304875647993;1071:3205.1330155647993;1070:3219.596303564799;1069:3220.334591564799;1067:3222.9966475647993;1504:3227.450423564799;4396:3227.676719564799;710:3228.227375564799;2281:3229.233071564799;4664:3233.111063564799;6260:3233.5569595647994;3300:3234.1560715647993;1832:3236.946287564799;708:3237.485351564799;6180:3237.9087835647993;2405:3240.1311835647994;6169:3243.6083035647994;2744:3248.2088635647992;2567:3250.051823564799;2576:3258.540383564799;3077:3260.6730235647988;3241:3263.801903564799;88:3265.728743564799;2758:3267.692183564799;2742:3268.0986235647993;2448:3271.2842635647994;2353:3277.4851435647993;6140:3282.6561835647994;7386:3283.9986235647993;3742:3291.6576235647995;7100:3292.1972635647994;6318:3292.6753435647993;737:3293.5910635647992;6639:3295.4402635647994;2446:3297.0115435647995;2301:3299.3085835647994;1992:3300.3336235647994;1990:3302.0305435647992;1988:3304.4845435647994;1985:3308.0063035647995;3729:3310.3537435647995;5498:3311.7511435647993;5496:3314.6583835647994;5699:3315.3558235647993;5494:3316.4595835647992;6307:3316.6764235647993;374:3324.977423564799;7114:3327.1924315647993;3246:3328.3302475647993;5330:3329.0778235647995;661:3330.0692635647993;445:3333.0989515647993;2972:3334.543503953233,8
1,8,default_vehtype,route,False,3149.2577261616357,3356.461035428575,2990;-1;-1,2981;-1;-1,2611.728643891152,0.9447092957238948,0.9444481228595057,0.0,,0,40,1,,,2990;2552;4848;3271;4846;4989;5000;337;1075;5648;5759;205;5793;1407;5826;7411;4686;5074;5295;5274;7181;604;603;602;3851;4573;1400;971;598;1368;591;585;940;1370;939;1903;983;3921;840;2881;5099;2878;1735;2581;370;361;2874;1887;4059;910;6541;3462;3648;2851;2850;1801;1560;5242;922;6385;3550;2981,2990:3149.2577261616357;2552:3152.123442282719;4848:3159.6037622827193;3271:3165.1568822827194;4846:3167.029962282719;4989:3179.302482282719;5000:3184.062042282719;337:3191.8222742827193;1075:3192.846114282719;5648:3193.646898282719;5759:3199.205226282719;205:3204.3494822827192;5793:3208.4708342827194;1407:3210.0909782827193;5826:3212.371290282719;7411:3215.269938282719;4686:3216.3406502827193;5074:3223.2811622827194;5295:3223.511418282719;5274:3226.890234282719;7181:3231.3995222827193;604:3234.977922282719;603:3236.041506282719;602:3236.8946342827194;3851:3237.8980262827195;4573:3242.2043462827196;1400:3243.9370262827197;971:3247.7354582827197;598:3248.8027142827195;1368:3249.7630502827196;591:3255.63400228272;585:3268.80525028272;940:3275.3851142827198;1370:3282.41173828272;939:3283.10841028272;1903:3283.9300022827197;983:3284.9125142827197;3921:3288.7106582827196;840:3293.2714982827197;2881:3299.9021222827196;5099:3301.0549862827197;2878:3302.18301028272;1735:3313.16733028272;2581:3314.5067462827196;370:3316.0895942827196;361:3318.5866982827197;2874:3319.17270628272;1887:3324.82809028272;4059:3326.74739428272;910:3331.26359428272;6541:3331.92772228272;3462:3334.14136228272;3648:3334.47112228272;2851:3339.14536228272;2850:3340.07872228272;1801:3343.37440228272;1560:3348.11488228272;5242:3349.79752228272;922:3350.71343428272;6385:3353.93507428272;3550:3354.19691428272;2981:3356.461035428575,9
0,1,default_vehtype,route,False,3179.0302556524834,3368.82931426812,2973;-1;-1,2978;-1;-1,1927.1757957450964,0.6906013807570218,0.6904086631774473,0.0,,0,43,1,,,2973;7354;3525;6025;3063;6027;7362;2188;2186;5744;6033;5746;6031;146;2828;2376;3091;4274;880;3109;3874;4306;429;3125;3406;2825;1944;130;99;4526;714;2800;4339;2419;5404;5421;1925;1883;926;925;5399;1905;830;2795;918;3075;7097;7290;2736;1744;1164;2789;1182;2978,2973:3179.0302556524834;7354:3182.827422963147;3525:3193.706262963147;6025:3195.447726963147;3063:3196.7124069631473;6027:3198.0143829631475;7362:3202.0226229631476;2188:3208.6857909631476;2186:3209.9620629631477;5744:3211.977486963148;6033:3213.346926963148;5746:3215.270334963148;6031:3216.7619589631477;146:3217.7230869631476;2828:3218.8148949631477;2376:3224.3167749631475;3091:3237.6385029631474;4274:3238.7814309631476;880:3239.3727669631476;3109:3241.2233109631475;3874:3247.0875909631472;4306:3259.2031509631474;429:3260.6054709631476;3125:3261.858990963148;3406:3274.2133509631476;2825:3276.6830709631477;1944:3277.994430963148;130:3280.3820709631477;99:3280.8623109631476;4526:3289.2719109631475;714:3292.0687509631475;2800:3294.0751509631477;4339:3295.5689109631476;2419:3300.1779909631477;5404:3304.404870963148;5421:3305.510190963148;1925:3305.653470963148;1883:3306.690750963148;926:3310.9433109631477;925:3313.887630963148;5399:3323.1924309631477;1905:3324.5190309631475;830:3325.6958709631476;2795:3326.8795509631477;918:3328.0217109631476;3075:3335.8946709631477;7097:3336.744030963148;7290:3342.5461509631477;2736:3351.2646309631477;1744:3352.7198709631475;1164:3363.8283909631477;2789:3365.2401909631476;1182:3366.1571109631477;2978:3368.82931426812,2
0,1,default_vehtype,boarding,True,3368.82931426812,3398.82931426812,2978;-1;-1,2978;-1;-1,0.0,0.6904086631774473,0.6904086631774473,0.0,,0,43,1,,43,,,2
0,2,default_vehtype,boarding,True,3360.0,3390.0,2976;-1;-1,2976;-1;-1,0.0,0.5428788343640865,0.5428788343640865,0.0,,0,46,1,46,,,,3
1,7,default_vehtype,boarding,True,3334.543503953233,3364.543503953233,2972;-1;-1,2972;-1;-1,0.0,0.8567725564310699,0.8567725564310699,0.0,,0,38,1,,38,,,8
1,8,default_vehtype,boarding,True,3356.461035428575,3386.461035428575,2981;-1;-1,2981;-1;-1,0.0,0.9444481228595057,0.9444481228595057,0.0,,0,40,1,,40,,,9
0,0,default_vehtype,route,False,3236.474255158027,3456.8530507386567,2967;-1;-1,2981;-1;-1,2961.6368211428803,0.7637166000792187,0.7634204363971044,0.0,,0,39;44,2,,,2967;3896;6788;5444;1716;2720;4210;1711;98;2497;7434;2760;542;1074;4204;5649;5760;205;5793;1407;5826;7411;4686;5074;5295;5274;7181;604;603;602;3851;4573;1400;971;598;1368;591;585;940;1370;939;1903;983;3921;840;2881;5099;2878;1735;2581;370;361;2874;1887;4059;910;6541;3462;3648;2851;2850;1801;1560;5242;922;6385;3550;2981,2967:3236.474255158027;3896:3242.5538015928014;6788:3243.8207855928013;5444:3254.357193592801;1716:3257.147553592801;2720:3257.894193592801;4210:3258.792465592801;1711:3259.922145592801;98:3268.537953592801;2497:3270.048585592801;7434:3277.256433592801;2760:3283.794969592801;542:3291.323073592801;1074:3292.256481592801;4204:3293.2381295928008;5649:3294.038913592801;5760:3299.597241592801;205:3304.741497592801;5793:3308.862849592801;1407:3310.482993592801;5826:3312.763305592801;7411:3315.6619535928007;4686:3316.732665592801;5074:3323.673177592801;5295:3323.903433592801;5274:3327.282249592801;7181:3331.791537592801;604:3335.369937592801;603:3336.433521592801;602:3337.286649592801;3851:3338.290041592801;4573:3342.5963615928013;1400:3344.3290415928013;971:3348.1274735928014;598:3349.194729592801;1368:3350.1550655928013;591:3356.0260175928015;585:3369.1972655928016;940:3375.7771295928014;1370:3382.8037535928015;939:3383.5004255928015;1903:3384.3220175928013;983:3385.3045295928014;3921:3389.1026735928012;840:3393.6635135928013;2881:3400.2941375928012;5099:3401.4470015928014;2878:3402.5750255928015;1735:3413.5593455928015;2581:3414.8987615928013;370:3416.4816095928013;361:3418.9787135928013;2874:3419.5647215928016;1887:3425.2201055928017;4059:3427.1394095928017;910:3431.6556095928017;6541:3432.3197375928016;3462:3434.5333775928016;3648:3434.8631375928016;2851:3439.5373775928015;2850:3440.4707375928015;1801:3443.7664175928016;1560:3448.5068975928016;5242:3450.1895375928016;922:3451.1054495928015;6385:3454.3270895928017;3550:3454.588929592802;2981:3456.8530507386567,1
0,0,default_vehtype,boarding,True,3456.8530507386567,3486.8530507386567,2981;-1;-1,2981;-1;-1,0.0,0.7634204363971044,0.7634204363971044,0.0,,0,39;44,2,,44,,,1
0,0,default_vehtype,route,False,3486.8530507386567,3539.7678022473774,2981;-1;-1,2982;-1;-1,440.9562625726669,0.7634204363971044,0.7633763407708472,0.0,,0,39,1,,,2981;6320;7278;2411;1661;7283;796;751;4635;6299;4102;4325;7285;1218;2982,2981:3486.8530507386567;6320:3490.226169592802;7278:3493.744929592802;2411:3499.580049592802;1661:3505.379889592802;7283:3506.428929592802;796:3515.221449592802;751:3517.129329592802;4635:3522.237969592802;6299:3528.197049592802;4102:3530.556369592802;4325:3535.8475295928024;7285:3536.7644495928025;1218:3537.8876495928025;2982:3539.7678022473774,1
0,2,default_vehtype,route,False,3390.0,3515.9438643409526,2976;-1;-1,2987;-1;-1,1410.1941526762305,0.5428788343640865,0.5427378149488188,0.0,,0,46,1,,,2976;7557;2806;4344;2996;3013;7322;2804;3061;1173;3425;4304;793;118;3979;4275;103;6480;7360;3154;6028;5745;6035;5743;6038;6041;7365;2179;3064;6023;3524;7356;4225;2987,2976:3390;7557:3394.99035337066;2806:3402.82419337066;4344:3404.02719337066;2996:3406.0706733706597;3013:3410.8557933706597;7322:3414.8664333706597;2804:3418.1931933706596;3061:3424.8612333706596;1173:3430.4595933706596;3425:3431.6425533706597;4304:3433.04487337066;793:3445.16043337066;118:3451.02471337066;3979:3452.8752573706597;4275:3453.4665933706597;103:3454.60952137066;6480:3467.9312493706598;7360:3473.4331293706596;3154:3474.5249373706597;6028:3475.4860653706596;5745:3476.9776893706594;6035:3478.9010973706595;5743:3480.2705373706594;6038:3482.2859613706596;6041:3483.5622333706597;7365:3490.2254013706597;2179:3494.23364137066;3064:3495.53561737066;6023:3496.8002973706602;3524:3498.5417613706604;7356:3509.4206013706603;4225:3514.00512937066;2987:3515.9438643409526,3
0,5,default_vehtype,route,False,3420.0,3488.9939608938275,2970;-1;-1,2971;-1;-1,574.9496741152238,0.9150038832152699,0.9149463882478585,0.0,,0,,0,,,2970;671;662;7398;3491;6933;7394;6989;7392;5704;7389;2971,2970:3420;671:3421.0301161619855;662:3443.4798361619855;7398:3446.9990761619856;3491:3453.3237961619857;6933:3454.2355561619856;7394:3459.597156161986;6989:3460.191516161986;7392:3469.402596161986;5704:3471.767676161986;7389:3486.305916161986;2971:3488.9939608938275,6
0,5,default_vehtype,boarding,True,3488.9939608938275,3518.9939608938275,2971;-1;-1,2971;-1;-1,0.0,0.9149463882478585,0.9149463882478585,0.0,,0,47,1,47,,,,6
0,0,default_vehtype,boarding,True,3539.7678022473774,3569.7678022473774,2982;-1;-1,2982;-1;-1,0.0,0.7633763407708472,0.7633763407708472,0,,0,39,1,,39,,,1
0,2,default_vehtype,boarding,True,3515.9438643409526,3545.9438643409526,2987;-1;-1,2987;-1;-1,0.0,0.5427378149488188,0.5427378149488188,0,,0,46,1,,46,,,3
0,0,default_vehtype,route,False,3600.0,3647.5053019564502,2982;-1;-1,2983;-1;-1,395.8775163037552,0.7633763407708472,0.7633367530192168,0.0,,0,,0,,,2982;2809;7010;820;7498;276;2915;2661;7517;6201;7314;2983,2982:3600;2809:3605.700967345425;7010:3608.608447345425;820:3610.5894073454247;7498:3611.0574073454245;276:3611.1690073454247;2915:3622.5150073454247;2661:3629.748367345425;7517:3637.060327345425;6201:3637.921447345425;7314:3644.816767345425;2983:3647.5053019564502,1
1,3,default_vehtype,route,False,3330.0,3619.898644077267,2982;-1;-1,2971;-1;-1,2915.378433977222,0.9618735622200733,0.9615820243766754,0.0,,0,45,1,,,2982;2809;7010;820;7498;276;2915;2661;7517;6201;7314;7529;2803;7558;2806;4344;2996;3013;7322;2804;3061;1173;3425;4304;793;118;3979;4275;103;6480;7360;3154;6028;5745;6035;5743;6038;6041;7365;6050;6068;6077;3629;4502;6912;2108;7370;7608;5900;3459;4818;5992;6047;5708;3884;3030;3347;7376;2207;3446;3720;5332;251;2711;3358;2296;5495;5696;3307;3987;2396;886;808;1372;807;1375;108;1376;1380;373;2390;7391;5704;7389;2971,2982:3330;2809:3335.700967345425;7010:3338.608447345425;820:3340.5894073454247;7498:3341.0574073454245;276:3341.1690073454247;2915:3352.5150073454247;2661:3359.748367345425;7517:3367.060327345425;6201:3367.921447345425;7314:3374.816767345425;7529:3382.032247345425;2803:3389.5872073454248;7558:3396.9822073454247;2806:3404.8160473454245;4344:3406.0190473454245;2996:3408.0625273454243;3013:3412.8476473454243;7322:3416.8582873454243;2804:3420.185047345424;3061:3426.8530873454242;1173:3432.451447345424;3425:3433.6344073454243;4304:3435.0367273454244;793:3447.1522873454246;118:3453.0165673454244;3979:3454.8671113454243;4275:3455.4584473454242;103:3456.6013753454245;6480:3469.9231033454244;7360:3475.424983345424;3154:3476.5167913454243;6028:3477.477919345424;5745:3478.969543345424;6035:3480.892951345424;5743:3482.262391345424;6038:3484.277815345424;6041:3485.5540873454243;7365:3492.2172553454243;6050:3494.4907993454244;6068:3498.7171273454246;6077:3499.3628233454247;3629:3500.9201113454246;4502:3501.3829993454247;6912:3506.5314313454246;2108:3508.4278393454247;7370:3514.9545673454245;7608:3515.1839593454247;5900:3518.6556553454247;3459:3519.411223345425;4818:3520.026103345425;5992:3520.502887345425;6047:3524.691415345425;5708:3526.085695345425;3884:3528.625279345425;3030:3529.123303345425;3347:3531.147511345425;7376:3531.5828953454247;2207:3531.9917833454247;3446:3534.815191345425;3720:3537.844879345425;5332:3538.8363193454247;251:3539.583895345425;2711:3540.721711345425;3358:3542.936719345425;2296:3551.237719345425;5495:3551.454559345425;5696:3552.217279345425;3307:3562.955719345425;3987:3569.782879345425;2396:3571.088839345425;886:3576.726439345425;808:3577.192639345425;1372:3578.055559345425;807:3579.159439345425;1375:3580.8436393454253;108:3582.9840793454255;1376:3584.7843193454255;1380:3586.8009193454254;373:3596.3619193454256;2390:3598.9066393454254;7391:3600.3072793454253;5704:3602.6723593454253;7389:3617.210599345425;2971:3619.898644077267,4
1,3,default_vehtype,boarding,True,3619.898644077267,3649.898644077267,2971;-1;-1,2971;-1;-1,0.0,0.9615820243766754,0.9615820243766754,0.0,,0,45,1,,45,,,4
0,0,default_vehtype,boarding,True,3647.5053019564502,3677.5053019564502,2983;-1;-1,2983;-1;-1,0.0,0.7633367530192168,0.7633367530192168,0.0,,0,49,1,49,,,,1
0,0,default_vehtype,route,False,3677.5053019564502,3692.249955242313,2983;-1;-1,2977;-1;-1,122.87211071552242,0.7633367530192168,0.7633244658081452,0.0,,0,49,1,,,2983;7527;2802;2977,2983:3677.5053019564502;7527:3682.032247345425;2802:3689.2477273454247;2977:3692.249955242313,1
0,5,default_vehtype,route,False,3518.9939608938275,3705.5652403842937,2971;-1;-1,2985;-1;-1,1654.65525730639,0.9149463882478585,0.9147809227221279,0.0,,0,47,1,,,2971;3807;6875;885;316;2042;1982;6306;374;7114;3246;5330;661;445;6080;7381;364;3029;3886;5711;6045;2157;4817;456;5901;7605;2830;5852;6913;1321;597;2204;6066;6049;7367;2188;2186;5744;6033;5746;6031;146;2828;2376;3091;4274;880;3109;114;5021;1108;1680;3103;3110;3980;2985,2971:3518.9939608938275;3807:3520.370316161986;6875:3521.438316161986;885:3522.0416761619863;316:3528.868836161986;2042:3539.607276161986;1982:3540.3699961619864;6306:3540.5868361619864;374:3548.8878361619863;7114:3551.1028441619865;3246:3552.2406601619864;5330:3552.9882361619866;661:3553.9796761619864;445:3557.0093641619865;6080:3559.8327721619867;7381:3560.2416601619866;364:3560.6770441619865;3029:3562.7012521619863;3886:3563.1992761619863;5711:3565.7388601619864;6045:3567.1331401619864;2157:3571.3216681619865;4817:3571.7984521619865;456:3572.4133321619865;5901:3573.1689001619866;7605:3576.6405961619867;2830:3576.869988161987;5852:3583.3967161619867;6913:3585.2931241619867;1321:3590.4415561619867;597:3590.9044441619867;2204:3592.4617321619867;6066:3593.1074281619867;6049:3597.333756161987;7367:3599.607300161987;2188:3606.270468161987;2186:3607.546740161987;5744:3609.5621641619873;6033:3610.9316041619873;5746:3612.8550121619874;6031:3614.346636161987;146:3615.307764161987;2828:3616.399572161987;2376:3621.901452161987;3091:3635.223180161987;4274:3636.366108161987;880:3636.957444161987;3109:3638.807988161987;114:3643.620159590558;5021:3645.9935881619867;1108:3671.062959590558;1680:3696.132331019129;3103:3698.505759590558;3110:3703.317931019129;3980:3705.168475019129;2985:3705.5652403842937,6
0,0,default_vehtype,boarding,True,3692.249955242313,3722.249955242313,2977;-1;-1,2977;-1;-1,0.0,0.7633244658081452,0.7633244658081452,0.0,,0,49,1,,49,,,1
1,2,default_vehtype,route,False,3720.0,3770.704534696241,2987;-1;-1,2974;-1;-1,704.2296485588942,0.5427378149488188,0.5426673919839629,0.0,,0,,0,,,2987;4613;1084;7357;3525;6025;3063;6027;7362;2188;2186;5744;6033;5746;6031;146;2828;2974,2987:3720;4613:3721.5962490297075;1084:3725.1312330297073;7357:3729.715761029707;3525:3740.594601029707;6025:3742.3360650297072;3063:3743.6007450297075;6027:3744.9027210297077;7362:3748.910961029708;2188:3755.574129029708;2186:3756.850401029708;5744:3758.865825029708;6033:3760.235265029708;5746:3762.158673029708;6031:3763.650297029708;146:3764.611425029708;2828:3765.703233029708;2974:3770.704534696241,3
0,5,default_vehtype,boarding,True,3705.5652403842937,3735.5652403842937,2985;-1;-1,2985;-1;-1,0.0,0.9147809227221279,0.9147809227221279,0.0,,0,47,1,,47,,,6
1,2,default_vehtype,boarding,True,3770.704534696241,3800.704534696241,2974;-1;-1,2974;-1;-1,0.0,0.5426673919839629,0.5426673919839629,0.0,,0,50,1,50,,,,3
1,7,default_vehtype,route,False,3600.0,3807.7556406053645,2972;-1;-1,2967;-1;-1,2277.8986274554386,0.8567725564310699,0.8565447665683243,0.0,,0,,0,,,2972;6079;3446;3720;5332;251;2711;3358;2296;5495;5697;5497;5500;670;5502;5512;5520;5531;6313;6632;6644;3793;6319;7102;3741;7384;6414;5446;2447;2571;42;2577;2566;3033;3036;2469;2404;2235;3762;5287;310;2280;1447;6261;3764;4397;4745;4182;4187;4191;4195;4202;4208;537;18;5629;1068;2559;6740;1717;2067;2063;1937;6789;3895;5465;7450;1719;3469;470;469;5079;7447;1960;2967,2972:3600;6079:3601.378855611566;3446:3604.202263611566;3720:3607.2319516115663;5332:3608.223391611566;251:3608.9709676115663;2711:3610.108783611566;3358:3612.3237916115663;2296:3620.6247916115663;5495:3620.8416316115663;5697:3621.9453916115663;5497:3622.642831611566;5500:3625.550071611566;670:3626.947471611566;5502:3629.294911611566;5512:3632.816671611566;5520:3635.2706716115663;5531:3636.967591611566;6313:3637.992631611566;6632:3640.289671611566;6644:3641.860951611566;3793:3643.7101516115663;6319:3644.6258716115663;7102:3645.103951611566;3741:3645.643591611566;7384:3653.302591611566;6414:3658.509751611566;5446:3660.7775116115663;2447:3664.713631611566;2571:3672.3025516115663;42:3676.9705516115664;2577:3677.6430316115666;2566:3686.2421116115665;3033:3686.8730716115665;3036:3689.1426316115667;2469:3692.734951611567;2404:3696.058471611567;2235:3697.3418716115666;3762:3697.7653036115667;5287:3698.3043676115667;310:3701.0945836115666;2280:3701.6936956115665;1447:3702.1395916115666;6261:3706.017583611567;3764:3707.023279611567;4397:3707.573935611567;4745:3707.8002316115667;4182:3712.2540076115665;4187:3714.9160636115666;4191:3715.6543516115667;4195:3730.1176396115666;4202:3731.1201676115666;4208:3732.1018156115665;537:3733.0558156115667;18:3738.923383611567;5629:3744.772807611567;1068:3747.325207611567;2559:3754.375807611567;6740:3758.846431611567;1717:3764.680159611567;2067:3765.417943611567;2063:3766.134199611567;1937:3769.404151611567;6789:3779.940559611567;3895:3781.207543611567;5465:3788.739463611567;7450:3789.723703611567;1719:3790.540327611567;3469:3791.5602796115672;470:3797.521365325853;469:3803.4824510401386;5079:3804.5024030401387;7447:3805.3190270401387;1960:3806.303267040139;2967:3807.7556406053645,8
1,7,default_vehtype,boarding,True,3807.7556406053645,3837.7556406053645,2967;-1;-1,2967;-1;-1,0.0,0.8565447665683243,0.8565447665683243,0.0,,0,48,1,48,,,,8
1,2,default_vehtype,route,False,3800.704534696241,3840.0,2974;-1;-1,2108;7370;0.044,545.7703514410935,0.5426673919839629,0.5426128149488187,0.0,,0,50,1,,,2974;6479;7359;3154;6028;5745;6035;5743;6038;6041;7365;6050;6068;6077;3629;4502;6912;2108,2974:3800.704534696241;6479:3801.205113029708;7359:3806.706993029708;3154:3807.798801029708;6028:3808.759929029708;5745:3810.251553029708;6035:3812.174961029708;5743:3813.544401029708;6038:3815.559825029708;6041:3816.836097029708;7365:3823.499265029708;6050:3825.7728090297082;6068:3829.9991370297084;6077:3830.6448330297085;3629:3832.2021210297085;4502:3832.6650090297085;6912:3837.8134410297084;2108:3839.7098490297085,3
1,2,default_vehtype,route,False,3840.0,3978.4281729086265,2108;7370;0.044,2990;-1;-1,1343.6721577369233,0.5426128149488187,0.5424784477330451,0.0,,0,50,1,,,2108;7370;7608;5900;3459;4818;5992;6047;5708;3884;3030;3347;7376;2207;3446;3720;5332;251;2711;3358;2296;5495;5696;3307;3987;6878;746;2834;2045;2835;2641;7396;2616;486;2838;3722;3732;544;7400;5449;2990,2108:3840;7370:3846.2365770297083;7608:3846.4659690297085;5900:3849.9376650297086;3459:3850.6932330297086;4818:3851.3081130297087;5992:3851.7848970297086;6047:3855.973425029709;5708:3857.3677050297088;3884:3859.907289029709;3030:3860.405313029709;3347:3862.4295210297087;7376:3862.8649050297086;2207:3863.2737930297085;3446:3866.0972010297087;3720:3869.1268890297088;5332:3870.1183290297085;251:3870.8659050297088;2711:3872.0037210297087;3358:3874.218729029709;2296:3882.5197290297087;5495:3882.736569029709;5696:3883.499289029709;3307:3894.237729029709;3987:3901.064889029709;6878:3901.668249029709;746:3902.736249029709;2834:3906.8006490297093;2045:3921.338889029709;2835:3923.7039690297092;2641:3932.9150490297093;7396:3933.5094090297093;2616:3938.8710090297095;486:3939.7827690297095;2838:3946.1074890297095;3722:3949.6267290297096;3732:3972.0764490297097;544:3974.7660090297095;7400:3975.8415690297097;5449:3977.0406090297097;2990:3978.4281729086265,3
1,2,default_vehtype,boarding,True,3978.4281729086265,4008.4281729086265,2990;-1;-1,2990;-1;-1,0.0,0.5424784477330451,0.5424784477330451,0.0,,0,50;53,2,53,,,,3
1,2,default_vehtype,route,False,4008.4281729086265,4019.481212867725,2990;-1;-1,2970;-1;-1,92.10866632581656,0.5424784477330451,0.5424692368664125,0.0,,0,50;53,2,,,2990;2552;1946;7401;3560;2970,2990:4008.4281729086265;2552:4011.29388902971;1946:4015.54716902971;7401:4016.74620902971;3560:4017.82176902971;2970:4019.481212867725,3
0,3,default_vehtype,route,False,3840.0,3963.7877603162124,2971;-1;-1,2969;-1;-1,1124.2020306798433,0.9615820243766754,0.9614696041736074,0.0,,0,,0,,,2971;3807;7387;2045;2835;2641;7396;2616;486;2838;3722;3732;544;7400;5449;6824;4848;3271;4846;4989;5000;337;1075;4198;336;2969,2971:3840;3807:3841.3763552681585;7387:3845.4407552681587;2045:3859.9789952681585;2835:3862.3440752681586;2641:3871.5551552681586;7396:3872.1495152681587;2616:3877.511115268159;486:3878.422875268159;2838:3884.747595268159;3722:3888.266835268159;3732:3910.716555268159;544:3913.406115268159;7400:3914.481675268159;5449:3915.680715268159;6824:3919.933995268159;4848:3927.414315268159;3271:3932.967435268159;4846:3934.840515268159;4989:3947.113035268159;5000:3951.872595268159;337:3959.632827268159;1075:3960.656667268159;4198:3961.6383152681587;336:3962.6614352681586;2969:3963.7877603162124,4
0,3,default_vehtype,boarding,True,3963.7877603162124,3993.7877603162124,2969;-1;-1,2969;-1;-1,0.0,0.9614696041736074,0.9614696041736074,0.0,,0,52,1,52,,,,4
1,2,default_vehtype,boarding,True,4019.481212867725,4049.481212867725,2970;-1;-1,2970;-1;-1,0.0,0.5424692368664125,0.5424692368664125,0.0,,0,50;53,2,,50,,,3
0,3,default_vehtype,route,False,3993.7877603162124,4048.065867733214,2969;-1;-1,2992;-1;-1,753.8626030139021,0.9614696041736074,0.961394217913306,0.0,,0,52,1,,,2969;7192;1664;337;1075;537;18;5629;1068;2559;6740;1717;2067;2063;1937;2992,2969:3993.7877603162124;7192:3997.3914032681587;1664:4000.645299268159;337:4008.405531268159;1075:4009.429371268159;537:4010.383371268159;18:4016.250939268159;5629:4022.100363268159;1068:4024.652763268159;2559:4031.703363268159;6740:4036.173987268159;1717:4042.0077152681592;2067:4042.745499268159;2063:4043.4617552681593;1937:4046.7317072681594;2992:4048.065867733214,4
0,3,default_vehtype,boarding,True,4048.065867733214,4078.065867733214,2992;-1;-1,2992;-1;-1,0.0,0.961394217913306,0.961394217913306,0.0,,0,52,1,,52,,,4
1,8,default_vehtype,route,False,3840.0,4069.9869602780304,2981;-1;-1,2966;-1;-1,2071.863435442099,0.9444481228595057,0.9442409365159616,0.0,,0,,0,,,2981;6320;3549;6384;4032;1804;4811;5237;608;459;2416;4011;5246;363;366;2314;2877;1748;2880;906;984;2268;1857;1806;1371;938;5442;4054;2205;1369;2047;1337;1873;1939;665;666;1885;668;1415;1041;1623;1383;2333;2966,2981:3840;6320:3843.373118854145;3549:3849.010358854145;6384:3849.2721988541452;4032:3852.4938388541455;1804:3853.4097508541454;4811:3855.0923908541454;5237:3859.8328708541453;608:3868.698950854145;459:3869.028710854145;2416:3871.242350854145;4011:3871.906478854145;5246:3877.831646854145;363:3884.740334854145;366:3886.145414854145;2314:3887.290286854145;2877:3900.461390854145;1748:3901.579910854145;2880:3902.741702854145;906:3914.967014854145;984:3917.736710854145;2268:3918.4845748541447;1857:3918.870494854145;1806:3919.5326788541447;1371:3920.202854854145;938:3922.7839828541446;5442:3932.5046308541446;4054:3940.1446228541445;2205:3945.8970628541447;1369:3952.3432228541446;2047:3953.2862788541447;1337:3954.2476228541445;1873:3970.7250388541447;1939:3971.0660308541446;665:3971.588102854145;666:3972.4572148541447;1885:3973.4430388541446;668:3986.8134388541444;1415:3987.4425028541445;1041:4004.1290171398587;1623:4008.5122742827157;1383:4019.5977028541442;2333:4059.75158856843;2966:4069.9869602780304,9
1,7,default_vehtype,route,False,3837.7556406053645,4111.0491876947135,2967;-1;-1,2982;-1;-1,3402.5930837155474,0.8565447665683243,0.8562045072599529,0.0,,0,48,1,,,2967;3896;6788;5444;1716;2720;4210;1711;98;2497;7434;2760;542;1074;4204;5649;5760;205;5793;1407;5826;7411;4686;5074;5295;5274;7181;604;603;602;3851;4573;1400;971;598;1368;591;585;940;1370;939;1903;983;3921;840;2881;5099;2878;1735;2581;370;361;2874;1887;4059;910;6541;3462;3648;2851;2850;1801;1560;5242;922;6385;3550;6322;7280;2411;1661;7283;796;751;4635;6299;4102;4325;7285;1218;2982,2967:3837.7556406053645;3896:3843.835187040139;6788:3845.1021710401387;5444:3855.6385790401387;1716:3858.4289390401386;2720:3859.1755790401385;4210:3860.0738510401384;1711:3861.2035310401384;98:3869.8193390401384;2497:3871.3299710401384;7434:3878.5378190401384;2760:3885.0763550401384;542:3892.6044590401384;1074:3893.5378670401383;4204:3894.5195150401382;5649:3895.3202990401383;5760:3900.8786270401383;205:3906.0228830401384;5793:3910.1442350401385;1407:3911.7643790401385;5826:3914.0446910401383;7411:3916.943339040138;4686:3918.0140510401384;5074:3924.9545630401385;5295:3925.1848190401383;5274:3928.5636350401383;7181:3933.0729230401384;604:3936.6513230401383;603:3937.7149070401383;602:3938.5680350401385;3851:3939.5714270401386;4573:3943.8777470401387;1400:3945.610427040139;971:3949.408859040139;598:3950.4761150401387;1368:3951.4364510401388;591:3957.307403040139;585:3970.478651040139;940:3977.058515040139;1370:3984.085139040139;939:3984.781811040139;1903:3985.603403040139;983:3986.585915040139;3921:3990.3840590401387;840:3994.944899040139;2881:4001.5755230401387;5099:4002.728387040139;2878:4003.856411040139;1735:4014.840731040139;2581:4016.1801470401388;370:4017.762995040139;361:4020.260099040139;2874:4020.846107040139;1887:4026.501491040139;4059:4028.420795040139;910:4032.936995040139;6541:4033.601123040139;3462:4035.814763040139;3648:4036.144523040139;2851:4040.818763040139;2850:4041.752123040139;1801:4045.047803040139;1560:4049.788283040139;5242:4051.470923040139;922:4052.386835040139;6385:4055.608475040139;3550:4055.8703150401393;6322:4061.5075550401393;7280:4065.0263150401393;2411:4070.8614350401394;1661:4076.6612750401396;7283:4077.7103150401394;796:4086.5028350401394;751:4088.4107150401396;4635:4093.5193550401395;6299:4099.47843504014;4102:4101.837755040139;4325:4107.128915040139;7285:4108.045835040139;1218:4109.169035040139;2982:4111.0491876947135,8
1,8,default_vehtype,boarding,True,4069.9869602780304,4099.986960278031,2966;-1;-1,2966;-1;-1,0.0,0.9442409365159616,0.9442409365159616,0.0,,0,51,1,51,,,,9
1,7,default_vehtype,boarding,True,4111.0491876947135,4141.0491876947135,2982;-1;-1,2982;-1;-1,0.0,0.8562045072599529,0.8562045072599529,0,,0,48,1,,48,,,8
1,2,default_vehtype,route,False,4049.481212867725,4259.732922175568,2970;-1;-1,2981;-1;-1,1775.0839775653349,0.5424692368664125,0.5422917284686559,0.0,,0,53,1,,,2970;671;544;7400;3551;3849;7263;5060;3728;4936;1207;2554;4974;5249;6709;2464;7135;1193;552;2755;7131;3567;888;712;2718;754;611;1812;1186;7311;4339;2419;5404;5421;1925;1883;926;925;5399;1905;830;2795;1891;827;6499;1803;1141;5241;922;6385;3550;2981,2970:4049.481212867725;671:4050.5113290297104;544:4053.20088902971;7400:4054.2764490297104;3551:4055.6350890297103;3849:4059.6800490297105;7263:4060.6546890297104;5060:4061.4379290297106;3728:4067.2462890297106;4936:4077.5536890297108;1207:4081.923249029711;2554:4082.4721290297107;4974:4083.2450490297106;5249:4089.0489690297104;6709:4090.9761690297105;2464:4106.835729029711;7135:4114.767849029711;1193:4115.8678890297115;552:4120.3660890297115;2755:4122.195249029712;7131:4130.1524490297115;3567:4140.031329029712;888:4140.489609029712;712:4144.225209029712;2718:4145.162409029712;754:4188.722529029712;611:4189.971129029712;1812:4194.542289029712;1186:4195.719489029712;7311:4196.535129029712;4339:4198.028889029712;2419:4202.637969029713;5404:4206.864849029713;5421:4207.970169029712;1925:4208.113449029713;1883:4209.150729029712;926:4213.403289029712;925:4216.347609029712;5399:4225.652409029712;1905:4226.979009029712;830:4228.155849029712;2795:4229.339529029712;1891:4229.593449029712;827:4230.659289029712;6499:4240.014129029712;1803:4245.976689029712;1141:4251.4813290297125;5241:4253.069409029713;922:4253.985321029713;6385:4257.206961029713;3550:4257.468801029713;2981:4259.732922175568,3
0,0,default_vehtype,boarding,True,4260.0,4290.0,2977;-1;-1,2977;-1;-1,0.0,0.7633244658081452,0.7633244658081452,0.0,,0,54,1,54,,,,1
1,2,default_vehtype,boarding,True,4259.732922175568,4289.732922175568,2981;-1;-1,2981;-1;-1,0.0,0.5422917284686559,0.5422917284686559,0.0,,0,53,1,,53,,,3
1,8,default_vehtype,route,False,4099.986960278031,4320.0,2966;-1;-1,7100;6318;0.230,2096.8843359864704,0.9442409365159616,0.944031248082363,0.0,,0,51,1,,,2966;2743;2631;2150;735;738;1096;3736;81;831;2413;1146;832;1880;1340;3638;3641;7177;5275;5297;5072;1464;2847;5825;4587;5794;3202;2065;2023;4203;4198;1071;1070;1069;1067;1504;4396;710;2281;4664;6260;3300;1832;708;6180;2405;6169;2744;2567;2576;3077;3241;88;2758;2742;2448;2353;6140;7386;3742;7100,2966:4099.986960278031;2743:4107.830788568431;2631:4111.84221713986;2150:4128.772502854145;735:4139.254674282717;738:4145.422502854146;1096:4154.961474282717;3736:4155.224490282717;81:4159.073394282717;831:4169.919978282717;2413:4170.907674282717;1146:4171.721058282717;832:4172.529474282717;1880:4175.127162282717;1340:4186.659978282717;3638:4187.646450282717;3641:4188.710034282717;7177:4192.288434282717;5275:4196.797722282718;5297:4200.176538282718;5072:4200.406794282718;1464:4207.347306282718;2847:4208.418018282718;5825:4211.316666282718;4587:4213.596978282718;5794:4215.217122282718;3202:4219.338474282718;2065:4224.482730282718;2023:4230.041058282718;4203:4230.841842282718;4198:4231.823490282718;1071:4232.826018282718;1070:4247.289306282718;1069:4248.0275942827175;1067:4250.689650282718;1504:4255.143426282718;4396:4255.369722282718;710:4255.920378282718;2281:4256.926074282718;4664:4260.804066282718;6260:4261.249962282718;3300:4261.849074282718;1832:4264.639290282718;708:4265.178354282718;6180:4265.6017862827175;2405:4267.824186282717;6169:4271.301306282717;2744:4275.901866282717;2567:4277.7448262827165;2576:4286.233386282716;3077:4288.366026282716;3241:4291.494906282716;88:4293.421746282716;2758:4295.385186282717;2742:4295.791626282717;2448:4298.977266282716;2353:4305.178146282717;6140:4310.349186282717;7386:4311.691626282717;3742:4319.350626282717;7100:4319.890266282717,9
1,2,default_vehtype,route,False,4320,4356.179240432202,2981;-1;-1,2979;-1;-1,176.13052741122,0.5422917284686559,0.5422741154159147,0.0,,0,,0,,,2981;6320;7278;2411;6281;2286;2287;6538;2979,2981:4320;6320:4323.373118854145;7278:4326.891878854145;2411:4332.726998854145;6281:4337.771113139859;2286:4342.538027425573;2287:4347.304941711287;6538:4352.349055997001;2979:4356.179240432202,3
1,8,default_vehtype,route,False,4320,4362.23650667115,7100;6318;0.230,2972;-1;-1,405.11577997311076,0.944031248082363,0.9439907365043657,0.0,,0,51,1,,,7100;6318;737;6639;2446;2301;1992;1990;1988;1985;3729;5498;5496;5699;5494;6307;374;7114;3246;5330;661;445;2972,7100:4320;6318:4320.368346282717;737:4321.284066282717;6639:4323.133266282716;2446:4324.704546282716;2301:4327.001586282717;1992:4328.026626282717;1990:4329.7235462827175;1988:4332.177546282717;1985:4335.699306282717;3729:4338.046746282716;5498:4339.444146282716;5496:4342.351386282716;5699:4343.048826282716;5494:4344.152586282716;6307:4344.369426282716;374:4352.670426282716;7114:4354.885434282716;3246:4356.023250282717;5330:4356.770826282716;661:4357.762266282716;445:4360.791954282716;2972:4362.23650667115,9
1,2,default_vehtype,boarding,True,4356.179240432202,4386.179240432202,2979;-1;-1,2979;-1;-1,0.0,0.5422741154159147,0.5422741154159147,0.0,,0,56,1,56,,,,3
0,4,default_vehtype,route,False,4380.0,4427.505301956449,2982;-1;-1,2983;-1;-1,395.8775163037552,0.9347862978169895,0.9347467100653591,0.0,,0,,0,,,2982;2809;7010;820;7498;276;2915;2661;7517;6201;7314;2983,2982:4380;2809:4385.700967345425;7010:4388.608447345425;820:4390.589407345425;7498:4391.0574073454245;276:4391.169007345425;2915:4402.515007345424;2661:4409.748367345424;7517:4417.060327345424;6201:4417.921447345424;7314:4424.816767345424;2983:4427.505301956449,5
1,8,default_vehtype,boarding,True,4362.23650667115,4392.23650667115,2972;-1;-1,2972;-1;-1,0.0,0.9439907365043657,0.9439907365043657,0.0,,0,51;55,2,55,,,,9
1,8,default_vehtype,route,False,4392.23650667115,4394.899257839737,2972;-1;-1,2988;-1;-1,36.982655119265175,0.9439907365043657,0.9439870382388538,0.0,,0,51;55,2,,,2972;6079;2988,2972:4392.23650667115;6079:4393.615362282716;2988:4394.899257839737,9
1,8,default_vehtype,boarding,True,4394.899257839737,4424.899257839737,2988;-1;-1,2988;-1;-1,0.0,0.9439870382388538,0.9439870382388538,0.0,,0,51;55,2,,51,,,9
0,4,default_vehtype,boarding,True,4427.505301956449,4457.505301956449,2983;-1;-1,2983;-1;-1,0.0,0.9347467100653591,0.9347467100653591,0,,0,57,1,57,,,,5
1,1,default_vehtype,route,False,4440.0,4508.978060698024,2978;-1;-1,2981;-1;-1,459.0023153406876,0.6904086631774473,0.6903627629459133,0.0,,0,,0,,,2978;4103;6297;1434;3820;3877;2787;4993;6537;7281;2307;3549;3552;536;535;533;2981,2978:4440;4103:4442.618956695028;6297:4444.9782766950275;1434:4450.937356695027;3820:4456.0459966950275;3877:4457.953876695027;2787:4466.746396695027;4993:4467.795436695027;6537:4473.595276695027;7281:4479.4303966950265;2307:4482.949156695026;3549:4488.586396695026;3552:4493.8156538378835;536:4497.650168123598;535:4501.484682409312;533:4506.713939552169;2981:4508.978060698024,2
1,1,default_vehtype,boarding,True,4508.978060698024,4538.978060698024,2981;-1;-1,2981;-1;-1,0.0,0.6903627629459133,0.6903627629459133,0.0,,0,58,1,58,,,,2
1,2,default_vehtype,route,False,4386.179240432202,4537.938986681488,2979;-1;-1,2975;-1;-1,1224.9515235059303,0.5422741154159147,0.5421516202635642,0.0,,0,56,1,,,2979;2786;2307;3549;6384;4032;1804;4277;5239;6501;3911;5389;7301;3914;5398;5400;4040;4041;5374;5418;5424;5403;6546;1200;7312;3767;4527;3089;3131;5447;7352;414;122;3426;4305;793;118;3979;4275;3068;70;73;4273;880;3109;3874;2975,2979:4386.179240432202;2786:4388.184175997001;2307:4391.702935997001;3549:4397.340175997001;6384:4397.602015997001;4032:4400.823655997001;1804:4401.739567997001;4277:4403.327647997002;5239:4408.832287997002;6501:4414.794847997002;3911:4424.149687997002;5389:4425.215527997002;7301:4425.469447997002;3914:4426.653127997002;5398:4427.829967997002;5400:4429.156567997003;4040:4438.4613679970025;4041:4441.405687997002;5374:4445.658247997002;5418:4446.695527997002;5424:4446.838807997002;5403:4447.9441279970015;6546:4452.171007997002;1200:4456.780087997002;7312:4458.273847997002;3767:4460.280247997002;4527:4463.077087997002;3089:4471.486687997002;3131:4471.966927997002;5447:4474.354567997002;7352:4475.665927997002;414:4478.135647997002;122:4490.490007997002;3426:4491.743527997002;4305:4493.145847997002;793:4505.261407997003;118:4511.125687997002;3979:4512.976231997002;4275:4513.567567997003;3068:4518.311853711289;70:4520.597853711289;73:4522.883853711289;4273:4527.628139425575;880:4528.219475425575;3109:4530.070019425575;3874:4535.934299425575;2975:4537.938986681488,3
1,8,default_vehtype,route,False,4424.899257839737,4557.1126213520865,2988;-1;-1,2991;-1;-1,1371.1040487826665,0.9439870382388538,0.9438499278339756,0.0,,0,55,1,,,2988;3447;3721;5333;251;2711;3358;2296;5495;5697;5497;5500;670;5502;5512;5520;5531;6313;6632;6644;3793;6319;7102;3741;7384;6414;5446;2447;2571;42;2577;2566;3033;3036;2469;2404;2235;3762;5287;310;2280;1447;6261;3764;4397;4745;4182;4187;4191;4195;4202;4208;537;2991,2988:4424.899257839737;3447:4426.438770282716;3721:4429.468458282716;5333:4430.459898282716;251:4431.207474282715;2711:4432.345290282716;3358:4434.560298282716;2296:4442.861298282716;5495:4443.078138282716;5697:4444.181898282716;5497:4444.879338282716;5500:4447.786578282716;670:4449.1839782827155;5502:4451.531418282715;5512:4455.053178282715;5520:4457.507178282714;5531:4459.204098282715;6313:4460.229138282715;6632:4462.526178282716;6644:4464.097458282716;3793:4465.946658282715;6319:4466.862378282715;7102:4467.340458282715;3741:4467.880098282715;7384:4475.539098282715;6414:4480.746258282715;5446:4483.0140182827145;2447:4486.950138282715;2571:4494.539058282715;42:4499.207058282715;2577:4499.879538282715;2566:4508.478618282715;3033:4509.109578282715;3036:4511.379138282715;2469:4514.971458282715;2404:4518.2949782827145;2235:4519.578378282715;3762:4520.001810282714;5287:4520.540874282714;310:4523.331090282714;2280:4523.930202282714;1447:4524.376098282714;6261:4528.254090282714;3764:4529.259786282714;4397:4529.810442282715;4745:4530.036738282714;4182:4534.490514282715;4187:4537.152570282715;4191:4537.890858282714;4195:4552.354146282714;4202:4553.356674282714;4208:4554.338322282714;537:4555.292322282714;2991:4557.1126213520865,9
0,0,default_vehtype,route,False,4290.0,4580.689948568164,2977;-1;-1,2992;-1;-1,2881.7774406516896,0.7633244658081452,0.76303628806408,0.0,,0,54,1,,,2977;6202;7315;7530;2803;7558;2806;4344;2996;3013;7322;2804;3061;1173;3425;3125;3406;2825;1944;130;99;4526;714;2800;4332;799;3653;3825;7127;1836;4248;5046;7138;6879;1367;3637;3640;3643;7179;5275;5297;5072;1464;2847;5825;4587;5794;3202;2065;2023;4203;537;18;5629;1068;2559;6740;1717;2067;2063;1937;2992,2977:4290;6202:4293.8930921031115;7315:4300.788412103111;7530:4308.003892103111;2803:4315.558852103111;7558:4322.953852103112;2806:4330.787692103112;4344:4331.990692103112;2996:4334.034172103113;3013:4338.819292103112;7322:4342.829932103113;2804:4346.156692103113;3061:4352.824732103112;1173:4358.423092103112;3425:4359.606052103112;3125:4360.859572103112;3406:4373.213932103113;2825:4375.683652103113;1944:4376.9950121031125;130:4379.382652103112;99:4379.862892103112;4526:4388.272492103112;714:4391.069332103112;2800:4393.075732103112;4332:4393.891372103112;799:4395.072292103112;3653:4399.668532103112;3825:4400.917132103112;7127:4444.477252103112;1836:4445.828212103112;4248:4460.373412103111;5046:4476.713932103111;7138:4478.352532103111;6879:4484.618932103112;1367:4496.111812103111;3637:4498.004932103111;3640:4498.858060103111;3643:4499.921644103111;7179:4503.500044103112;5275:4508.009332103112;5297:4511.388148103112;5072:4511.618404103112;1464:4518.558916103112;2847:4519.629628103112;5825:4522.528276103112;4587:4524.808588103112;5794:4526.428732103112;3202:4530.550084103113;2065:4535.694340103112;2023:4541.252668103112;4203:4542.053452103112;537:4543.007452103112;18:4548.875020103112;5629:4554.724444103112;1068:4557.276844103111;2559:4564.327444103111;6740:4568.79806810311;1717:4574.63179610311;2067:4575.36958010311;2063:4576.08583610311;1937:4579.355788103109;2992:4580.689948568164,1
0,0,default_vehtype,boarding,True,4580.689948568164,4610.689948568164,2992;-1;-1,2992;-1;-1,0.0,0.76303628806408,0.76303628806408,0.0,,0,54,1,,54,,,1
1,2,default_vehtype,boarding,True,4537.938986681488,4567.938986681488,2975;-1;-1,2975;-1;-1,0.0,0.5421516202635642,0.5421516202635642,0.0,,0,56,1,,56,,,3
1,3,default_vehtype,route,False,4440.0,4579.419771413864,2992;-1;-1,2990;-1;-1,1558.523025865214,0.961394217913306,0.9612383656107195,0.0,,0,,0,,,2992;2526;5444;1716;2720;4210;1711;98;2497;7434;2760;542;1074;336;2759;1664;1659;538;4990;4939;5252;3070;1657;4439;4842;1272;3423;4282;4975;6830;4349;4937;669;5061;7265;3848;534;2839;5449;2990,2992:4440;2526:4449.202247534946;5444:4459.738655534946;1716:4462.529015534946;2720:4463.275655534946;4210:4464.173927534946;1711:4465.303607534946;98:4473.919415534946;2497:4475.430047534946;7434:4482.637895534946;2760:4489.1764315349465;542:4496.704535534946;1074:4497.637943534946;336:4498.661063534946;2759:4503.391031534946;1664:4506.644927534946;1659:4511.404487534946;538:4512.555527534946;4990:4516.252607534946;4939:4517.643167534946;5252:4523.067887534946;3070:4524.104327534946;1657:4531.621127534946;4439:4537.251287534946;4842:4541.635847534946;1272:4541.820767534946;3423:4543.037327534946;4282:4546.814807534945;4975:4547.864567534945;6830:4548.637487534946;4349:4549.186367534946;4937:4553.555927534946;669:4563.863327534946;5061:4569.671687534946;7265:4570.454927534945;3848:4571.429567534946;534:4575.474527534946;2839:4576.833167534946;5449:4578.032207534947;2990:4579.419771413864,4
1,3,default_vehtype,boarding,True,4579.419771413864,4609.419771413864,2990;-1;-1,2990;-1;-1,0.0,0.9612383656107195,0.9612383656107195,0.0,,0,59,1,59,,,,4
1,8,default_vehtype,boarding,True,4557.1126213520865,4587.1126213520865,2991;-1;-1,2991;-1;-1,0.0,0.9438499278339756,0.9438499278339756,0.0,,0,55,1,,55,,,9
0,5,default_vehtype,route,False,4560.0,4635.71814732417,2985;-1;-1,2973;-1;-1,1051.6409350579365,0.9147809227221279,0.914675758628622,0.0,,0,,0,,,2985;1140;103;6480;7360;3154;6028;5745;6035;5743;6038;6041;7365;6050;6068;6077;3629;4502;6912;2108;7370;1420;1084;2973,2985:4560;1140:4560.194570634835;103:4561.337498634835;6480:4574.659226634835;7360:4580.161106634835;3154:4581.252914634835;6028:4582.214042634835;5745:4583.705666634835;6035:4585.629074634835;5743:4586.998514634835;6038:4589.0139386348355;6041:4590.290210634836;7365:4596.953378634836;6050:4599.226922634835;6068:4603.453250634835;6077:4604.098946634835;3629:4605.656234634835;4502:4606.119122634835;6912:4611.267554634835;2108:4613.163962634834;7370:4619.690690634834;1420:4631.395802634834;1084:4634.930786634834;2973:4635.71814732417,6
0,5,default_vehtype,boarding,True,4635.71814732417,4665.71814732417,2973;-1;-1,2973;-1;-1,0.0,0.914675758628622,0.914675758628622,0.0,,0,60,1,60,,,,6
1,8,default_vehtype,boarding,True,4620.0,4650.0,2991;-1;-1,2991;-1;-1,0.0,0.9438499278339756,0.9438499278339756,0.0,,0,62,1,62,,,,9
1,9,default_vehtype,route,False,4620.0,4657.425461130228,2978;-1;-1,2979;-1;-1,311.87884275190765,0.8216132036538215,0.8215820157695464,0.0,,0,,0,,,2978;4103;6297;1434;3820;3877;2787;4993;6537;2979,2978:4620;4103:4622.618956695028;6297:4624.9782766950275;1434:4630.937356695027;3820:4636.0459966950275;3877:4637.953876695027;2787:4646.746396695027;4993:4647.795436695027;6537:4653.595276695027;2979:4657.425461130228,10
0,5,default_vehtype,route,False,4665.71814732417,4680.0,2973;-1;-1,4614;7369;0.202,198.3590649420758,0.914675758628622,0.9146559227221278,0.0,,0,60,1,,,2973;7354;4225;4614,2973:4665.71814732417;7354:4669.515314634834;4225:4674.099842634834;4614:4677.634826634834,6
1,9,default_vehtype,boarding,True,4657.425461130228,4687.425461130228,2979;-1;-1,2979;-1;-1,0.0,0.8215820157695464,0.8215820157695464,0,,0,61,1,61,,,,10
0,4,default_vehtype,route,False,4457.505301956449,4780.854232769311,2983;-1;-1,2966;-1;-1,2424.2986565656774,0.9347467100653591,0.9345042801997026,0.0,,0,57,1,,,2983;7527;2803;7558;2806;4344;2996;3013;7322;2804;3061;1173;3425;3125;3406;2825;1944;130;99;4526;714;2800;4332;799;3653;3825;7127;1836;4248;5046;7138;6879;1367;3637;1339;1395;1399;835;1147;1093;2607;911;1150;665;666;1885;668;1415;1041;1623;1383;2333;2966,2983:4457.505301956449;7527:4462.0322473454235;2803:4469.587207345424;7558:4476.982207345424;2806:4484.8160473454245;4344:4486.019047345425;2996:4488.062527345425;3013:4492.847647345425;7322:4496.858287345425;2804:4500.185047345425;3061:4506.853087345425;1173:4512.451447345425;3425:4513.634407345425;3125:4514.887927345425;3406:4527.242287345425;2825:4529.712007345425;1944:4531.023367345425;130:4533.411007345425;99:4533.891247345425;4526:4542.300847345425;714:4545.097687345425;2800:4547.104087345425;4332:4547.919727345425;799:4549.1006473454245;3653:4553.696887345424;3825:4554.945487345424;7127:4598.505607345424;1836:4599.856567345424;4248:4614.401767345424;5046:4630.742287345423;7138:4632.380887345424;6879:4638.647287345424;1367:4650.140167345424;3637:4652.033287345424;1339:4653.025663345424;1395:4661.562991345424;1399:4663.703695345424;835:4667.280655345425;1147:4668.073231345425;1093:4669.332511345425;2607:4677.391183345425;911:4680.245047345425;1150:4681.005511345425;665:4682.455375345425;666:4683.324487345425;1885:4684.310311345425;668:4697.680711345425;1415:4698.309775345425;1041:4714.996289631139;1623:4719.3795467739965;1383:4730.464975345425;2333:4770.618861059711;2966:4780.854232769311,5
0,5,default_vehtype,route,False,4680.0,4745.1790937408605,4614;7369;0.202,2989;-1;-1,750.5040624784713,0.9146559227221278,0.91458087231588,0.0,,0,60,1,,,4614;7369;7607;5900;3459;4818;5992;6047;5708;3884;3030;3347;7376;2207;3446;3720;5332;251;2711;3358;2296;5495;5696;3307;3987;6878;2989,4614:4680;7369:4689.339938634834;7607:4689.569330634834;5900:4693.0410266348335;3459:4693.796594634833;4818:4694.411474634833;5992:4694.888258634834;6047:4699.076786634833;5708:4700.471066634834;3884:4703.010650634834;3030:4703.508674634834;3347:4705.532882634834;7376:4705.968266634834;2207:4706.377154634834;3446:4709.200562634835;3720:4712.230250634834;5332:4713.221690634834;251:4713.969266634834;2711:4715.107082634834;3358:4717.322090634834;2296:4725.623090634835;5495:4725.839930634835;5696:4726.602650634834;3307:4737.3410906348345;3987:4744.168250634834;6878:4744.771610634834;2989:4745.1790937408605,6
0,5,default_vehtype,boarding,True,4745.1790937408605,4775.1790937408605,2989;-1;-1,2989;-1;-1,0.0,0.91458087231588,0.91458087231588,0.0,,0,60;63,2,63,,,,6
1,9,default_vehtype,route,False,4687.425461130228,4782.958571306049,2979;-1;-1,2983;-1;-1,796.1092514652021,0.8215820157695464,0.8215024048443998,0.0,,0,61,1,,,2979;2786;2411;1661;7283;796;751;4635;6299;4102;4325;7285;1218;7334;7010;820;7498;276;2915;2661;7517;6201;7314;2983,2979:4687.425461130228;2786:4689.4303966950265;2411:4695.265516695026;1661:4701.065356695026;7283:4702.114396695026;796:4710.906916695026;751:4712.8147966950255;4635:4717.923436695026;6299:4723.8825166950255;4102:4726.241836695025;4325:4731.532996695025;7285:4732.4499166950245;1218:4733.5731166950245;7334:4741.154236695024;7010:4744.061716695024;820:4746.042676695024;7498:4746.510676695024;276:4746.622276695024;2915:4757.968276695024;2661:4765.201636695024;7517:4772.513596695024;6201:4773.374716695023;7314:4780.270036695023;2983:4782.958571306049,10
1,1,default_vehtype,route,False,4538.978060698024,4822.938536284012,2981;-1;-1,2971;-1;-1,2389.3236965498886,0.6903627629459133,0.6901238305762583,0.0,,0,58,1,,,2981;6320;3549;6384;4032;1804;4277;5239;6501;3911;5389;7301;3914;5398;5400;4040;4041;5374;5418;5424;5403;6546;1200;7312;4332;799;3653;3825;7127;3766;3988;553;7132;7191;3566;4337;7134;6667;6711;1807;1653;6829;4349;4937;669;5061;7265;3848;534;2839;3560;3731;662;7398;3491;6933;7394;6989;7392;5704;7389;2971,2981:4538.978060698024;6320:4542.351179552169;3549:4547.988419552169;6384:4548.250259552169;4032:4551.471899552169;1804:4552.387811552169;4277:4553.97589155217;5239:4559.48053155217;6501:4565.44309155217;3911:4574.79793155217;5389:4575.86377155217;7301:4576.11769155217;3914:4577.30137155217;5398:4578.47821155217;5400:4579.804811552171;4040:4589.1096115521705;4041:4592.05393155217;5374:4596.30649155217;5418:4597.3437715521695;5424:4597.48705155217;5403:4598.592371552169;6546:4602.81925155217;1200:4607.42833155217;7312:4608.92209155217;4332:4609.73773155217;799:4610.91865155217;3653:4615.5148915521695;3825:4616.763491552169;7127:4660.3236115521695;3766:4661.26081155217;3988:4664.99641155217;553:4665.45469155217;7132:4675.33357155217;7191:4683.29077155217;3566:4685.11993155217;4337:4689.61813155217;7134:4690.71817155217;6667:4698.6502915521705;6711:4714.50985155217;1807:4716.4370515521705;1653:4722.240971552171;6829:4723.013891552171;4349:4723.562771552171;4937:4727.9323315521715;669:4738.239731552171;5061:4744.048091552171;7265:4744.831331552171;3848:4745.805971552171;534:4749.8509315521715;2839:4751.209571552172;3560:4752.285131552172;3731:4754.974691552172;662:4777.4244115521715;7398:4780.943651552171;3491:4787.268371552171;6933:4788.180131552171;7394:4793.541731552171;6989:4794.136091552171;7392:4803.347171552171;5704:4805.7122515521705;7389:4820.25049155217;2971:4822.938536284012,2
1,1,default_vehtype,boarding,True,4822.938536284012,4852.938536284012,2971;-1;-1,2971;-1;-1,0.0,0.6901238305762583,0.6901238305762583,0.0,,0,58,1,,58,,,2
1,3,default_vehtype,route,False,4609.419771413864,4816.623080680803,2990;-1;-1,2981;-1;-1,2611.7286438911515,0.9612383656107195,0.9609771927463304,0.0,,0,59,1,,,2990;2552;4848;3271;4846;4989;5000;337;1075;5648;5759;205;5793;1407;5826;7411;4686;5074;5295;5274;7181;604;603;602;3851;4573;1400;971;598;1368;591;585;940;1370;939;1903;983;3921;840;2881;5099;2878;1735;2581;370;361;2874;1887;4059;910;6541;3462;3648;2851;2850;1801;1560;5242;922;6385;3550;2981,2990:4609.419771413864;2552:4612.285487534947;4848:4619.765807534946;3271:4625.318927534946;4846:4627.192007534946;4989:4639.464527534947;5000:4644.224087534947;337:4651.984319534947;1075:4653.008159534947;5648:4653.808943534947;5759:4659.367271534947;205:4664.511527534946;5793:4668.632879534946;1407:4670.253023534947;5826:4672.533335534947;7411:4675.431983534947;4686:4676.502695534947;5074:4683.443207534947;5295:4683.673463534947;5274:4687.052279534947;7181:4691.561567534947;604:4695.139967534948;603:4696.203551534948;602:4697.056679534948;3851:4698.060071534947;4573:4702.366391534947;1400:4704.099071534947;971:4707.897503534947;598:4708.964759534947;1368:4709.925095534947;591:4715.796047534947;585:4728.967295534947;940:4735.547159534947;1370:4742.573783534947;939:4743.270455534947;1903:4744.092047534948;983:4745.074559534947;3921:4748.8727035349475;840:4753.433543534948;2881:4760.064167534948;5099:4761.217031534948;2878:4762.345055534947;1735:4773.329375534947;2581:4774.668791534947;370:4776.251639534947;361:4778.748743534947;2874:4779.334751534947;1887:4784.990135534947;4059:4786.909439534947;910:4791.425639534947;6541:4792.089767534947;3462:4794.303407534947;3648:4794.633167534947;2851:4799.307407534947;2850:4800.240767534947;1801:4803.536447534947;1560:4808.276927534947;5242:4809.959567534947;922:4810.875479534948;6385:4814.0971195349475;3550:4814.358959534948;2981:4816.623080680803,4
1,3,default_vehtype,boarding,True,4816.623080680803,4846.623080680803,2981;-1;-1,2981;-1;-1,0.0,0.9609771927463304,0.9609771927463304,0.0,,0,59,1,,59,,,4
0,4,default_vehtype,boarding,True,4780.854232769311,4810.854232769311,2966;-1;-1,2966;-1;-1,0.0,0.9345042801997026,0.9345042801997026,0.0,,0,57,1,,57,,,5
1,9,default_vehtype,boarding,True,4782.958571306049,4812.958571306049,2983;-1;-1,2983;-1;-1,0.0,0.8215024048443998,0.8215024048443998,0.0,,0,61,1,,61,,,10
0,4,default_vehtype,boarding,True,4860.0,4890.0,2966;-1;-1,2966;-1;-1,0.0,0.9345042801997026,0.9345042801997026,0.0,,0,64,1,64,,,,5
0,5,default_vehtype,route,False,4775.1790937408605,4898.251015682886,2989;-1;-1,2969;-1;-1,1118.2367108949693,0.91458087231588,0.9144690486447905,0.0,,0,60;63,2,,,2989;3808;7388;2045;2835;2641;7396;2616;486;2838;3722;3732;544;7400;5449;6824;4848;3271;4846;4989;5000;337;1075;4198;336;2969,2989:4775.1790937408605;3808:4775.839610634834;7388:4779.904010634834;2045:4794.442250634834;2835:4796.807330634833;2641:4806.018410634833;7396:4806.612770634833;2616:4811.974370634834;486:4812.8861306348335;2838:4819.210850634833;3722:4822.730090634833;3732:4845.179810634832;544:4847.869370634832;7400:4848.944930634832;5449:4850.143970634833;6824:4854.397250634833;4848:4861.877570634832;3271:4867.430690634832;4846:4869.303770634832;4989:4881.576290634833;5000:4886.335850634833;337:4894.096082634833;1075:4895.119922634833;4198:4896.101570634833;336:4897.124690634832;2969:4898.251015682886,6
1,8,default_vehtype,route,False,4650.0,4871.919019900917,2991;-1;-1,2987;-1;-1,2598.493943068325,0.9438499278339756,0.9435900784396687,0.0,,0,62,1,,,2991;3010;5631;1068;2867;2760;542;1074;1071;1070;1069;1067;1504;4396;710;2281;4664;6260;3300;1832;708;6180;2405;6169;2744;2567;2576;3077;3241;88;2758;2742;2448;2353;6140;7386;3742;7100;6318;737;6639;2446;2301;1992;1990;1988;1985;3729;5498;5496;5699;5494;6307;374;7114;3246;5330;661;445;6080;7381;364;3029;3886;5711;6045;2157;4817;456;5901;7605;2830;1420;1084;7357;2826;2827;4225;2987,2991:4650;3010:4654.047268930627;5631:4659.896692930627;1068:4662.449092930627;2867:4663.323388930627;2760:4669.861924930627;542:4677.390028930627;1074:4678.3234369306265;1071:4679.3259649306265;1070:4693.789252930626;1069:4694.527540930626;1067:4697.189596930626;1504:4701.643372930626;4396:4701.869668930626;710:4702.4203249306265;2281:4703.426020930627;4664:4707.304012930626;6260:4707.749908930627;3300:4708.3490209306265;1832:4711.139236930627;708:4711.678300930626;6180:4712.101732930626;2405:4714.324132930626;6169:4717.801252930625;2744:4722.401812930625;2567:4724.244772930625;2576:4732.733332930625;3077:4734.865972930625;3241:4737.994852930625;88:4739.921692930625;2758:4741.885132930625;2742:4742.291572930625;2448:4745.477212930625;2353:4751.678092930625;6140:4756.849132930625;7386:4758.191572930626;3742:4765.850572930625;7100:4766.390212930625;6318:4766.868292930625;737:4767.784012930625;6639:4769.633212930625;2446:4771.204492930625;2301:4773.501532930625;1992:4774.526572930626;1990:4776.223492930626;1988:4778.677492930626;1985:4782.199252930625;3729:4784.546692930625;5498:4785.944092930625;5496:4788.851332930624;5699:4789.548772930624;5494:4790.652532930624;6307:4790.869372930624;374:4799.170372930625;7114:4801.385380930625;3246:4802.523196930625;5330:4803.270772930625;661:4804.262212930625;445:4807.291900930624;6080:4810.115308930624;7381:4810.524196930624;364:4810.959580930625;3029:4812.9837889306245;3886:4813.481812930625;5711:4816.021396930625;6045:4817.4156769306255;2157:4821.604204930625;4817:4822.080988930626;456:4822.695868930626;5901:4823.451436930625;7605:4826.923132930625;2830:4827.152524930625;1420:4838.857636930625;1084:4842.392620930625;7357:4846.977148930625;2826:4856.186452930625;2827:4865.395756930625;4225:4869.980284930625;2987:4871.919019900917,9
1,8,default_vehtype,boarding,True,4871.919019900917,4901.919019900917,2987;-1;-1,2987;-1;-1,0.0,0.9435900784396687,0.9435900784396687,0.0,,0,62,1,,62,,,9
0,3,default_vehtype,route,False,4920.0,4956.179240432202,2981;-1;-1,2979;-1;-1,176.13052741122,0.9609771927463304,0.9609595796935892,0.0,,0,,0,,,2981;6320;7278;2411;6281;2286;2287;6538;2979,2981:4920;6320:4923.373118854145;7278:4926.891878854145;2411:4932.726998854145;6281:4937.771113139859;2286:4942.538027425573;2287:4947.304941711287;6538:4952.349055997001;2979:4956.179240432202,4
0,5,default_vehtype,boarding,True,4898.251015682886,4928.251015682886,2969;-1;-1,2969;-1;-1,0.0,0.9144690486447905,0.9144690486447905,0.0,,0,60;63,2,,60,,,6
0,6,default_vehtype,boarding,True,4920.0,4950.0,2980;-1;-1,2980;-1;-1,0.0,0.7723141524921924,0.7723141524921924,0.0,,0,65,1,65,,,,7
0,2,default_vehtype,route,False,4980.0,5031.047060126485,2975;-1;-1,2986;-1;-1,552.9274309562508,0.5421516202635642,0.5420963275204687,0.0,,0,,0,,,2975;1166;793;118;3979;4275;103;6480;7360;2986,2975:4980;1166:4990.110872744087;793:5002.226432744087;118:5008.090712744087;3979:5009.941256744087;4275:5010.532592744087;103:5011.675520744087;6480:5024.997248744087;7360:5030.499128744087;2986:5031.047060126485,3
0,3,default_vehtype,boarding,True,4956.179240432202,4986.179240432202,2979;-1;-1,2979;-1;-1,0.0,0.9609595796935892,0.9609595796935892,0.0,,0,66,1,66,,,,4
0,4,default_vehtype,route,False,4890.0,5021.629335041171,2966;-1;-1,2992;-1;-1,1285.4828948015352,0.9345042801997026,0.9343757319102224,0.0,,0,64,1,,,2966;2743;2631;2150;735;738;2470;734;1815;739;1724;1962;1910;164;1354;197;1311;7;1963;1308;482;7613;2611;1307;2876;1960;816;6786;5444;1716;2720;4210;2067;2063;1937;2992,2966:4890;2743:4897.8438282904;2631:4901.855256861829;2150:4918.7855425761145;735:4929.267714004686;738:4935.435542576115;2470:4936.385222576115;734:4936.594094576115;1815:4937.602310576115;739:4938.442838576115;1724:4954.900526576115;1962:4955.9573425761155;1910:4956.779582576116;164:4957.730774576116;1354:4958.687294576116;197:4960.896542576116;1311:4972.431302576116;7:4976.1262705761155;1963:4976.534726576116;1308:4976.895950576116;482:4981.450598576116;7613:4982.774750576116;2611:4986.671102576116;1307:4987.986830576116;2876:4990.653566576116;1960:4991.6378065761155;816:4999.169726576116;6786:5000.436710576116;5444:5010.973118576116;1716:5013.763478576116;2720:5014.510118576116;4210:5015.408390576116;2067:5016.308966576116;2063:5017.025222576116;1937:5020.295174576116;2992:5021.629335041171,5
0,5,default_vehtype,route,False,4928.251015682886,5019.546451628626,2969;-1;-1,2967;-1;-1,1125.588451627387,0.9144690486447905,0.9143564897996277,0.0,,0,63,1,,,2969;7192;1664;337;1075;537;18;5629;1068;2559;6740;1717;2067;2063;1937;6789;3895;5465;7450;1719;3469;470;469;5079;7447;1960;2967,2969:4928.251015682886;7192:4931.854658634832;1664:4935.108554634832;337:4942.868786634832;1075:4943.892626634832;537:4944.846626634831;18:4950.714194634831;5629:4956.563618634831;1068:4959.116018634831;2559:4966.16661863483;6740:4970.63724263483;1717:4976.470970634829;2067:4977.208754634829;2063:4977.925010634829;1937:4981.194962634829;6789:4991.731370634829;3895:4992.9983546348285;5465:5000.530274634829;7450:5001.514514634829;1719:5002.331138634829;3469:5003.351090634828;470:5009.312176349114;469:5015.273262063401;5079:5016.2932140634;7447:5017.1098380634;1960:5018.0940780634;2967:5019.546451628626,6
1,8,default_vehtype,boarding,True,4980.0,5010.0,2987;-1;-1,2987;-1;-1,0.0,0.9435900784396687,0.9435900784396687,0.0,,0,67,1,67,,,,9
0,2,default_vehtype,boarding,True,5031.047060126485,5061.047060126485,2986;-1;-1,2986;-1;-1,0.0,0.5420963275204687,0.5420963275204687,0,,0,68,1,68,,,,3
0,4,default_vehtype,boarding,True,5021.629335041171,5051.629335041171,2992;-1;-1,2992;-1;-1,0.0,0.9343757319102224,0.9343757319102224,0,,0,64,1,,64,,,5
0,5,default_vehtype,boarding,True,5019.546451628626,5049.546451628626,2967;-1;-1,2967;-1;-1,0.0,0.9143564897996277,0.9143564897996277,0,,0,63,1,,63,,,6
0,5,default_vehtype,route,False,5100.0,5126.294029957855,2967;-1;-1,2968;-1;-1,365.194860525747,0.9143564897996277,0.9143199703135751,0.0,,0,,0,,,2967;3896;6788;5444;1716;2720;4210;1711;2968,2967:5100;3896:5106.079546434775;6788:5107.346530434775;5444:5117.882938434775;1716:5120.673298434775;2720:5121.419938434775;4210:5122.318210434775;1711:5123.447890434775;2968:5126.294029957855,6
0,5,default_vehtype,boarding,True,5126.294029957855,5156.294029957855,2968;-1;-1,2968;-1;-1,0.0,0.9143199703135751,0.9143199703135751,0.0,,0,69,1,69,,,,6
1,8,default_vehtype,route,False,5010.0,5137.425794066561,2987;-1;-1,2984;-1;-1,1389.2919531006646,0.9435900784396687,0.9434511492443586,0.0,,0,67,1,,,2987;4613;1084;7357;3525;6025;3063;6027;7362;2188;2186;5744;6033;5746;6031;146;2828;2376;3091;4274;880;3109;3874;4306;429;4313;68;7318;7325;3011;4;4345;1199;1204;2996;2984,2987:5010;4613:5011.596249029708;1084:5015.131233029708;7357:5019.715761029708;3525:5030.594601029708;6025:5032.336065029708;3063:5033.600745029708;6027:5034.902721029708;7362:5038.910961029708;2188:5045.574129029708;2186:5046.850401029708;5744:5048.8658250297085;6033:5050.235265029709;5746:5052.158673029709;6031:5053.650297029709;146:5054.611425029709;2828:5055.703233029709;2376:5061.205113029709;3091:5074.5268410297085;4274:5075.669769029709;880:5076.261105029709;3109:5078.111649029709;3874:5083.975929029709;4306:5096.091489029709;429:5097.493809029709;4313:5098.676769029709;68:5104.275129029709;7318:5110.943169029709;7325:5114.269929029709;3011:5118.280569029709;4:5123.065689029709;4345:5125.109169029709;1199:5129.099511886851;1204:5133.089854743994;2996:5135.133334743994;2984:5137.425794066561,9
0,1,default_vehtype,route,False,5160.0,5208.599849802757,2971;-1;-1,2989;-1;-1,357.3953197848742,0.6901238305762583,0.6900880910442798,0.0,,0,,0,,,2971;3807;6875;885;316;2042;1982;6306;5681;2294;2035;6308;5495;5696;3307;3987;6878;2989,2971:5160;3807:5161.3763552681585;6875:5162.444355268159;885:5163.047715268159;316:5169.874875268159;2042:5180.613315268159;1982:5181.376035268158;6306:5181.592875268158;5681:5183.986875268159;2294:5185.318360982445;2035:5186.6498466967305;6308:5189.043846696731;5495:5189.260686696731;5696:5190.0234066967305;3307:5200.761846696731;3987:5207.58900669673;6878:5208.1923666967305;2989:5208.599849802757,2
0,3,default_vehtype,route,False,4986.179240432202,5218.662732015098,2979;-1;-1,2993;-1;-1,3080.537518846917,0.9609595796935892,0.9606515259417046,0.0,,0,66,1,,,2979;2786;2307;3549;6384;4032;1804;4811;5237;608;459;2416;4011;5246;363;366;2314;2877;1748;2880;906;984;2268;1857;1806;1371;938;5442;4054;2205;1369;2047;3631;4079;4572;4577;778;3636;3639;3642;7178;5275;5297;5072;1464;2847;5825;4587;5794;3202;2065;2023;4203;537;18;5629;1068;2559;6740;1717;2067;2063;1937;6789;3895;5465;7450;2993,2979:4986.179240432202;2786:4988.184175997001;2307:4991.702935997001;3549:4997.340175997001;6384:4997.602015997001;4032:5000.823655997001;1804:5001.739567997001;4811:5003.422207997001;5237:5008.162687997002;608:5017.0287679970015;459:5017.358527997001;2416:5019.572167997001;4011:5020.236295997001;5246:5026.161463997001;363:5033.070151997002;366:5034.475231997002;2314:5035.620103997002;2877:5048.791207997002;1748:5049.909727997002;2880:5051.071519997002;906:5063.296831997001;984:5066.066527997002;2268:5066.814391997002;1857:5067.200311997001;1806:5067.862495997001;1371:5068.532671997001;938:5071.113799997001;5442:5080.834447997001;4054:5088.474439997001;2205:5094.226879997002;1369:5100.673039997002;2047:5101.616095997002;3631:5103.178927997002;4079:5104.246183997002;4572:5108.0446159970015;4577:5109.777295997002;778:5114.083615997001;3636:5115.087007997001;3639:5115.940135997001;3642:5117.003719997001;7178:5120.582119997001;5275:5125.091407997002;5297:5128.470223997002;5072:5128.700479997002;1464:5135.640991997002;2847:5136.711703997002;5825:5139.610351997002;4587:5141.890663997002;5794:5143.510807997002;3202:5147.632159997002;2065:5152.776415997002;2023:5158.334743997002;4203:5159.135527997002;537:5160.089527997002;18:5165.9570959970015;5629:5171.8065199970015;1068:5174.358919997001;2559:5181.409519997001;6740:5185.880143997;1717:5191.713871997;2067:5192.451655997;2063:5193.1679119969995;1937:5196.437863996999;6789:5206.974271996999;3895:5208.241255996999;5465:5215.773175996999;7450:5216.757415996999;2993:5218.662732015098,4
1,8,default_vehtype,boarding,True,5137.425794066561,5167.425794066561,2984;-1;-1,2984;-1;-1,0.0,0.9434511492443586,0.9434511492443586,0.0,,0,67,1,,67,,,9
0,1,default_vehtype,boarding,True,5208.599849802757,5238.599849802757,2989;-1;-1,2989;-1;-1,0.0,0.6900880910442798,0.6900880910442798,0.0,,0,70,1,70,,,,2
0,3,default_vehtype,boarding,True,5218.662732015098,5248.662732015098,2993;-1;-1,2993;-1;-1,0.0,0.9606515259417046,0.9606515259417046,0.0,,0,66,1,,66,,,4
1,8,default_vehtype,route,False,5220.0,5264.908890042598,2984;-1;-1,2985;-1;-1,386.725802383677,0.9434511492443586,0.9434124766641202,0.0,,0,,0,,,2984;3012;7321;2804;3061;1173;3425;4304;793;118;3979;2985,2984:5220;3012:5222.4926606774325;7321:5226.503300677433;2804:5229.830060677433;3061:5236.498100677432;1173:5242.096460677432;3425:5243.279420677432;4304:5244.681740677433;793:5256.797300677433;118:5262.6615806774325;3979:5264.512124677432;2985:5264.908890042598,9
0,2,default_vehtype,route,False,5061.047060126485,5286.425385209137,2986;-1;-1,2992;-1;-1,2665.0618483702333,0.5420963275204687,0.5418298213356316,0.0,,0,68,1,,,2986;3155;6029;5745;6035;5743;6038;6041;7365;6050;6068;6077;3629;4502;6912;2108;7370;7608;5900;3459;4818;5992;6047;5708;3884;3030;3347;7376;2207;3446;3720;5332;251;2711;3358;2296;5495;5697;5497;5500;670;5502;5512;5520;5531;6313;6632;6644;3793;6319;7102;3741;7384;6414;5446;2447;2571;42;2577;2566;3033;3036;2469;2404;2235;3762;5287;310;2280;1447;6261;3764;4397;4745;4182;4187;4191;4195;4202;4208;537;18;5629;1068;2559;6740;1717;2067;2063;1937;2992,2986:5061.047060126485;3155:5061.590936744087;6029:5062.552064744087;5745:5064.043688744087;6035:5065.967096744087;5743:5067.336536744087;6038:5069.351960744088;6041:5070.628232744088;7365:5077.291400744088;6050:5079.564944744087;6068:5083.791272744087;6077:5084.436968744087;3629:5085.994256744087;4502:5086.457144744087;6912:5091.605576744087;2108:5093.501984744086;7370:5100.028712744086;7608:5100.258104744086;5900:5103.729800744086;3459:5104.4853687440855;4818:5105.100248744086;5992:5105.577032744086;6047:5109.765560744086;5708:5111.159840744086;3884:5113.699424744086;3030:5114.197448744087;3347:5116.221656744086;7376:5116.657040744087;2207:5117.065928744087;3446:5119.889336744087;3720:5122.9190247440865;5332:5123.910464744086;251:5124.658040744086;2711:5125.795856744086;3358:5128.010864744087;2296:5136.311864744087;5495:5136.528704744087;5697:5137.632464744087;5497:5138.329904744087;5500:5141.237144744086;670:5142.634544744086;5502:5144.981984744086;5512:5148.503744744085;5520:5150.957744744085;5531:5152.6546647440855;6313:5153.679704744086;6632:5155.976744744086;6644:5157.548024744086;3793:5159.397224744086;6319:5160.312944744086;7102:5160.791024744086;3741:5161.330664744086;7384:5168.9896647440855;6414:5174.1968247440855;5446:5176.464584744085;2447:5180.4007047440855;2571:5187.989624744086;42:5192.657624744085;2577:5193.3301047440855;2566:5201.929184744085;3033:5202.560144744086;3036:5204.829704744086;2469:5208.422024744085;2404:5211.745544744085;2235:5213.0289447440855;3762:5213.452376744085;5287:5213.991440744085;310:5216.781656744085;2280:5217.380768744085;1447:5217.826664744085;6261:5221.704656744085;3764:5222.710352744085;4397:5223.261008744085;4745:5223.487304744085;4182:5227.941080744085;4187:5230.6031367440855;4191:5231.341424744085;4195:5245.804712744085;4202:5246.807240744085;4208:5247.788888744085;537:5248.742888744085;18:5254.610456744084;5629:5260.459880744084;1068:5263.012280744084;2559:5270.0628807440835;6740:5274.533504744083;1717:5280.367232744083;2067:5281.105016744083;2063:5281.821272744082;1937:5285.091224744082;2992:5286.425385209137,3
0,2,default_vehtype,boarding,True,5286.425385209137,5316.425385209137,2992;-1;-1,2992;-1;-1,0.0,0.5418298213356316,0.5418298213356316,0.0,,0,68,1,,68,,,3
0,6,default_vehtype,route,False,4950.0,5294.710441981238,2980;-1;-1,2972;-1;-1,2999.8842262698054,0.7723141524921924,0.7720141640695652,0.0,,0,65,1,,,2980;914;2135;1730;2664;2579;2961;2407;2581;370;361;2874;1887;4059;910;6541;3462;3648;2851;2850;1801;1560;5242;4277;5239;6501;3911;5389;7301;3914;5398;5400;4040;4041;5374;5418;5424;5403;6546;1200;7312;3767;4527;3089;3131;5447;7352;414;122;3426;4305;793;118;3979;4275;103;6480;7360;3154;6028;5745;6035;5743;6038;6041;7365;6050;6068;6077;3629;4502;6912;2108;7370;7608;5900;3459;4818;5992;6047;5708;3884;3030;3347;7376;2207;3446;3720;5332;251;2711;3358;2296;5681;2294;2035;6308;374;7114;3246;5330;661;445;2972,2980:4950;914:4965.882170735657;2135:4973.833027878514;1730:4989.289370735657;2664:4991.111485021372;2579:4995.987427878515;2961:5012.758285021372;2407:5018.007085021372;2581:5026.494342164229;370:5028.077190164229;361:5030.574294164229;2874:5031.1603021642295;1887:5036.815686164229;4059:5038.734990164229;910:5043.251190164229;6541:5043.91531816423;3462:5046.1289581642295;3648:5046.458718164229;2851:5051.132958164229;2850:5052.066318164229;1801:5055.36199816423;1560:5060.10247816423;5242:5061.78511816423;4277:5063.37319816423;5239:5068.8778381642305;6501:5074.8403981642305;3911:5084.19523816423;5389:5085.261078164231;7301:5085.514998164231;3914:5086.698678164231;5398:5087.875518164231;5400:5089.202118164231;4040:5098.506918164231;4041:5101.451238164231;5374:5105.703798164231;5418:5106.74107816423;5424:5106.88435816423;5403:5107.98967816423;6546:5112.21655816423;1200:5116.82563816423;7312:5118.319398164231;3767:5120.325798164231;4527:5123.122638164231;3089:5131.532238164231;3131:5132.012478164231;5447:5134.400118164231;7352:5135.71147816423;414:5138.18119816423;122:5150.535558164231;3426:5151.789078164231;4305:5153.191398164231;793:5165.306958164231;118:5171.171238164231;3979:5173.021782164231;4275:5173.613118164231;103:5174.7560461642315;6480:5188.077774164231;7360:5193.579654164231;3154:5194.671462164231;6028:5195.632590164231;5745:5197.1242141642315;6035:5199.047622164231;5743:5200.4170621642315;6038:5202.432486164232;6041:5203.708758164232;7365:5210.371926164232;6050:5212.6454701642315;6068:5216.871798164231;6077:5217.517494164231;3629:5219.074782164231;4502:5219.537670164231;6912:5224.686102164231;2108:5226.58251016423;7370:5233.10923816423;7608:5233.33863016423;5900:5236.81032616423;3459:5237.56589416423;4818:5238.18077416423;5992:5238.65755816423;6047:5242.84608616423;5708:5244.24036616423;3884:5246.77995016423;3030:5247.277974164231;3347:5249.3021821642305;7376:5249.737566164231;2207:5250.146454164231;3446:5252.969862164231;3720:5255.999550164231;5332:5256.99099016423;251:5257.73856616423;2711:5258.876382164231;3358:5261.091390164231;2296:5269.392390164231;5681:5271.786390164231;2294:5273.117875878517;2035:5274.449361592803;6308:5276.843361592803;374:5285.144361592804;7114:5287.359369592804;3246:5288.497185592804;5330:5289.244761592804;661:5290.236201592804;445:5293.265889592803;2972:5294.710441981238,7
0,6,default_vehtype,boarding,True,5294.710441981238,5324.710441981238,2972;-1;-1,2972;-1;-1,0.0,0.7720141640695652,0.7720141640695652,0.0,,0,65,1,,65,,,7
1,8,default_vehtype,boarding,True,5264.908890042598,5294.908890042598,2985;-1;-1,2985;-1;-1,0.0,0.9434124766641202,0.9434124766641202,0.0,,0,71,1,71,,,,9
0,5,default_vehtype,route,False,5156.294029957855,5350.378795580632,2968;-1;-1,2981;-1;-1,2596.4419606171336,0.9143199703135751,0.9140603261175135,0.0,,0,69,1,,,2968;98;2497;7434;2760;542;1074;4204;5649;5760;205;5793;1407;5826;7411;4686;5074;5295;5274;7181;604;603;602;3851;4573;1400;971;598;1368;591;585;940;1370;939;1903;983;3921;840;2881;5099;2878;1735;2581;370;361;2874;1887;4059;910;6541;3462;3648;2851;2850;1801;1560;5242;922;6385;3550;2981,2968:5156.294029957855;98:5162.063698434776;2497:5163.574330434776;7434:5170.782178434776;2760:5177.320714434776;542:5184.848818434776;1074:5185.782226434776;4204:5186.763874434776;5649:5187.564658434776;5760:5193.122986434776;205:5198.267242434776;5793:5202.388594434776;1407:5204.008738434776;5826:5206.289050434776;7411:5209.187698434776;4686:5210.258410434776;5074:5217.198922434776;5295:5217.429178434776;5274:5220.807994434776;7181:5225.317282434777;604:5228.895682434777;603:5229.959266434777;602:5230.812394434777;3851:5231.815786434777;4573:5236.1221064347765;1400:5237.8547864347765;971:5241.653218434776;598:5242.720474434776;1368:5243.6808104347765;591:5249.551762434777;585:5262.723010434776;940:5269.302874434777;1370:5276.329498434777;939:5277.026170434777;1903:5277.847762434777;983:5278.830274434777;3921:5282.628418434777;840:5287.189258434777;2881:5293.819882434777;5099:5294.972746434777;2878:5296.100770434777;1735:5307.085090434776;2581:5308.424506434776;370:5310.007354434776;361:5312.504458434776;2874:5313.090466434776;1887:5318.745850434776;4059:5320.665154434776;910:5325.181354434776;6541:5325.845482434776;3462:5328.059122434776;3648:5328.388882434776;2851:5333.063122434776;2850:5333.996482434776;1801:5337.292162434776;1560:5342.032642434777;5242:5343.715282434777;922:5344.631194434777;6385:5347.852834434777;3550:5348.114674434777;2981:5350.378795580632,6
0,5,default_vehtype,boarding,True,5350.378795580632,5380.378795580632,2981;-1;-1,2981;-1;-1,0.0,0.9140603261175135,0.9140603261175135,0.0,,0,69,1,,69,,,6
0,1,default_vehtype,route,False,5238.599849802757,5438.900066593619,2989;-1;-1,2977;-1;-1,2168.724873257181,0.6900880910442798,0.6898712185569541,0.0,,0,70,1,,,2989;3808;6876;885;316;2042;1982;6306;374;7114;3246;5330;661;445;6080;7381;364;3029;3886;5711;6045;2157;4817;456;5901;7605;2830;5852;6913;1321;597;2204;6066;6049;7367;2188;2186;5744;6033;5746;6031;146;2828;2376;3091;4274;880;3109;3874;4306;429;4313;68;7318;7325;3011;4;4345;7330;7562;7316;7531;2802;2977,2989:5238.599849802757;3808:5239.26036669673;6876:5240.32836669673;885:5240.93172669673;316:5247.75888669673;2042:5258.49732669673;1982:5259.26004669673;6306:5259.47688669673;374:5267.77788669673;7114:5269.99289469673;3246:5271.130710696731;5330:5271.87828669673;661:5272.86972669673;445:5275.89941469673;6080:5278.72282269673;7381:5279.13171069673;364:5279.56709469673;3029:5281.59130269673;3886:5282.0893266967305;5711:5284.628910696731;6045:5286.023190696731;2157:5290.211718696731;4817:5290.688502696731;456:5291.303382696731;5901:5292.058950696731;7605:5295.53064669673;2830:5295.760038696731;5852:5302.28676669673;6913:5304.18317469673;1321:5309.33160669673;597:5309.79449469673;2204:5311.35178269673;6066:5311.99747869673;6049:5316.223806696729;7367:5318.497350696729;2188:5325.160518696729;2186:5326.436790696729;5744:5328.452214696729;6033:5329.82165469673;5746:5331.745062696729;6031:5333.2366866967295;146:5334.197814696729;2828:5335.28962269673;2376:5340.791502696729;3091:5354.113230696729;4274:5355.2561586967295;880:5355.84749469673;3109:5357.69803869673;3874:5363.56231869673;4306:5375.67787869673;429:5377.08019869673;4313:5378.26315869673;68:5383.86151869673;7318:5390.5295586967295;7325:5393.856318696729;3011:5397.86695869673;4:5402.652078696729;4345:5404.69555869673;7330:5405.89855869673;7562:5413.73239869673;7316:5421.127398696731;7531:5428.682358696731;2802:5435.897838696731;2977:5438.900066593619,2
1,3,default_vehtype,route,False,5400.0,5405.864769547126,2993;-1;-1,2967;-1;-1,81.45513259898192,0.9606515259417046,0.9606433804284447,0.0,,0,,0,,,2993;4483;7446;1960;2967,2993:5400;4483:5400.761419981901;7446:5403.428155981901;1960:5404.412395981901;2967:5405.864769547126,4
1,3,default_vehtype,boarding,True,5405.864769547126,5435.864769547126,2967;-1;-1,2967;-1;-1,0.0,0.9606433804284447,0.9606433804284447,0.0,,0,72,1,72,,,,4
1,7,default_vehtype,route,False,5400.0,5417.994410650397,2982;-1;-1,2978;-1;-1,149.95342208664545,0.8562045072599529,0.8561895119177443,0.0,,0,,0,,,2982;2809;4365;7288;1182;2978,2982:5400;2809:5405.700967345425;4365:5413.282087345425;7288:5414.405287345425;1182:5415.322207345424;2978:5417.994410650397,8
1,7,default_vehtype,boarding,True,5417.994410650397,5447.994410650397,2978;-1;-1,2978;-1;-1,0.0,0.8561895119177443,0.8561895119177443,0.0,,0,73,1,73,,,,8
0,0,default_vehtype,route,False,5460.0,5519.7873885829995,2992;-1;-1,2969;-1;-1,830.3803969860979,0.76303628806408,0.7629532500243814,0.0,,0,,0,,,2992;2526;5444;1716;2720;4210;1711;98;2497;7434;2760;542;1074;336;2969,2992:5460;2526:5469.202247534946;5444:5479.738655534946;1716:5482.529015534946;2720:5483.275655534946;4210:5484.173927534946;1711:5485.303607534946;98:5493.919415534946;2497:5495.430047534946;7434:5502.637895534946;2760:5509.1764315349465;542:5516.704535534946;1074:5517.637943534946;336:5518.661063534946;2969:5519.7873885829995,1
0,1,default_vehtype,boarding,True,5438.900066593619,5468.900066593619,2977;-1;-1,2977;-1;-1,0.0,0.6898712185569541,0.6898712185569541,0.0,,0,70,1,,70,,,2
0,1,default_vehtype,route,False,5468.900066593619,5515.226698019299,2977;-1;-1,2984;-1;-1,386.0552618806575,0.6898712185569541,0.689832613030766,0.0,,0,,0,,,2977;6202;7315;7530;2803;7558;2806;4344;2996;2984,2977:5468.900066593619;6202:5472.793158696731;7315:5479.68847869673;7530:5486.90395869673;2803:5494.4589186967305;7558:5501.853918696731;2806:5509.687758696731;4344:5510.890758696732;2996:5512.934238696732;2984:5515.226698019299,2
1,9,default_vehtype,route,False,5460.0,5492.849684711543,2983;-1;-1,2984;-1;-1,273.74737259617996,0.8215024048443998,0.8214750301071402,0.0,,0,,0,,,2983;7527;2803;7558;2806;4344;2996;2984,2983:5460;7527:5464.526945388974;2803:5472.0819053889745;7558:5479.476905388975;2806:5487.310745388975;4344:5488.513745388976;2996:5490.557225388976;2984:5492.849684711543,10
0,0,default_vehtype,boarding,True,5519.7873885829995,5549.7873885829995,2969;-1;-1,2969;-1;-1,0.0,0.7629532500243814,0.7629532500243814,0.0,,0,74,1,74,,,,1
0,1,default_vehtype,boarding,True,5515.226698019299,5545.226698019299,2984;-1;-1,2984;-1;-1,0.0,0.689832613030766,0.689832613030766,0.0,,0,76,1,76,,,,2
1,8,default_vehtype,route,False,5294.908890042598,5546.79121024266,2985;-1;-1,2967;-1;-1,2621.8042250008402,0.9434124766641202,0.9431502962416201,0.0,,0,71,1,,,2985;1140;880;3109;3874;4306;429;3125;3406;2825;1944;130;99;4526;714;2800;4332;799;3653;3825;7127;1836;4248;5046;7138;6879;1367;3637;1339;1395;1399;835;1147;2412;836;1097;738;2470;734;1815;739;1724;1962;1910;164;1354;197;1311;7;1963;1308;482;7613;2611;1307;2876;1960;2967,2985:5294.908890042598;1140:5295.103460677433;880:5295.694796677433;3109:5297.545340677433;3874:5303.409620677433;4306:5315.525180677433;429:5316.927500677433;3125:5318.1810206774335;3406:5330.535380677434;2825:5333.005100677434;1944:5334.3164606774335;130:5336.704100677433;99:5337.184340677433;4526:5345.593940677433;714:5348.390780677433;2800:5350.397180677433;4332:5351.212820677433;799:5352.393740677433;3653:5356.989980677433;3825:5358.238580677433;7127:5401.798700677433;1836:5403.149660677433;4248:5417.694860677432;5046:5434.035380677432;7138:5435.673980677432;6879:5441.940380677433;1367:5453.433260677432;3637:5455.326380677432;1339:5456.318756677432;1395:5464.856084677433;1399:5466.996788677433;835:5470.573748677433;1147:5471.366324677433;2412:5472.174380677433;836:5473.173164677433;1097:5488.433924677433;738:5489.136572677434;2470:5490.086252677434;734:5490.295124677434;1815:5491.303340677434;739:5492.143868677434;1724:5508.601556677434;1962:5509.658372677434;1910:5510.480612677435;164:5511.431804677435;1354:5512.388324677435;197:5514.597572677435;1311:5526.1323326774345;7:5529.827300677434;1963:5530.235756677434;1308:5530.596980677435;482:5535.151628677435;7613:5536.475780677435;2611:5540.372132677435;1307:5541.687860677434;2876:5544.3545966774345;1960:5545.338836677434;2967:5546.79121024266,9
1,8,default_vehtype,boarding,True,5546.79121024266,5576.79121024266,2967;-1;-1,2967;-1;-1,0.0,0.9431502962416201,0.9431502962416201,0.0,,0,71,1,,71,,,9
1,9,default_vehtype,boarding,True,5492.849684711543,5522.849684711543,2984;-1;-1,2984;-1;-1,0.0,0.8214750301071402,0.8214750301071402,0.0,,0,75,1,75,,,,10
0,6,default_vehtype,route,False,5520.0,5580.0,2972;-1;-1,2828;2376;0.373,833.3333333333401,0.7720141640695652,0.7719308307362319,0.0,,0,,0,,,2972;6079;7380;364;3029;3886;5711;6045;2157;4817;456;5901;7605;2830;5852;6913;1321;597;2204;6066;6049;7367;2188;2186;5744;6033;5746;6031;146;2828,2972:5520;6079:5521.378855611566;7380:5521.787743611566;364:5522.223127611566;3029:5524.247335611566;3886:5524.7453596115665;5711:5527.284943611567;6045:5528.679223611567;2157:5532.867751611567;4817:5533.344535611567;456:5533.959415611567;5901:5534.714983611567;7605:5538.186679611566;2830:5538.416071611567;5852:5544.942799611566;6913:5546.839207611566;1321:5551.987639611566;597:5552.450527611566;2204:5554.007815611566;6066:5554.653511611566;6049:5558.879839611565;7367:5561.153383611565;2188:5567.816551611565;2186:5569.092823611565;5744:5571.108247611565;6033:5572.477687611566;5746:5574.401095611565;6031:5575.892719611566;146:5576.8538476115655;2828:5577.945655611566,7
0,2,default_vehtype,route,False,5520.0,5626.770851372961,2992;-1;-1,2970;-1;-1,1286.4486921910307,0.5418298213356316,0.5417011764664126,0.0,,0,,0,,,2992;2526;5444;1716;2720;4210;1711;98;2497;7434;2760;542;1074;336;2759;1664;1659;4844;3270;4850;6823;1946;7401;3560;2970,2992:5520;2526:5529.202247534946;5444:5539.738655534946;1716:5542.529015534946;2720:5543.275655534946;4210:5544.173927534946;1711:5545.303607534946;98:5553.919415534946;2497:5555.430047534946;7434:5562.637895534946;2760:5569.1764315349465;542:5576.704535534946;1074:5577.637943534946;336:5578.661063534946;2759:5583.391031534946;1664:5586.644927534946;1659:5591.404487534946;4844:5603.677007534947;3270:5605.550087534947;4850:5611.103207534947;6823:5618.583527534946;1946:5622.836807534946;7401:5624.035847534947;3560:5625.111407534947;2970:5626.770851372961,3
0,5,default_vehtype,route,False,5520.0,5599.0893941591185,2981;-1;-1,2978;-1;-1,682.0646846593123,0.9140603261175135,0.9139921196490476,0.0,,0,,0,,,2981;6320;3549;6384;4032;1804;4277;5239;6501;3911;5389;7301;918;3075;7097;7290;2736;1744;1164;2789;1182;2978,2981:5520;6320:5523.373118854145;3549:5529.010358854145;6384:5529.272198854145;4032:5532.493838854145;1804:5533.409750854145;4277:5534.997830854146;5239:5540.502470854146;6501:5546.465030854146;3911:5555.819870854146;5389:5556.885710854146;7301:5557.139630854146;918:5558.2817908541465;3075:5566.154750854146;7097:5567.004110854146;7290:5572.806230854147;2736:5581.524710854146;1744:5582.979950854146;1164:5594.088470854146;2789:5595.500270854146;1182:5596.417190854146;2978:5599.0893941591185,6
0,5,default_vehtype,boarding,True,5599.0893941591185,5629.0893941591185,2978;-1;-1,2978;-1;-1,0.0,0.9139921196490476,0.9139921196490476,0.0,,0,79,1,79,,,,6
0,6,default_vehtype,route,False,5580.0,5608.223038867479,2828;2376;0.373,2975;-1;-1,348.27016618212957,0.7719308307362319,0.7718960037196138,0.0,,0,,0,,,2828;2376;3091;4274;880;3109;3874;2975,2828:5580;2376:5583.447535611565;3091:5596.769263611565;4274:5597.9121916115655;880:5598.503527611566;3109:5600.354071611566;3874:5606.218351611566;2975:5608.223038867479,7
0,6,default_vehtype,boarding,True,5608.223038867479,5638.223038867479,2975;-1;-1,2975;-1;-1,0.0,0.7718960037196138,0.7718960037196138,0.0,,0,83,1,83,,,,7
1,9,default_vehtype,route,False,5522.849684711543,5588.467612771374,2984;-1;-1,2986;-1;-1,674.351330400799,0.8214750301071402,0.8214075949741001,0.0,,0,75,1,,,2984;3012;7321;2804;3061;1173;3425;4304;793;118;3979;4275;103;6480;7360;2986,2984:5522.849684711543;3012:5525.342345388975;7321:5529.352985388976;2804:5532.679745388976;3061:5539.347785388975;1173:5544.946145388975;3425:5546.129105388975;4304:5547.531425388976;793:5559.646985388976;118:5565.5112653889755;3979:5567.361809388975;4275:5567.953145388976;103:5569.096073388976;6480:5582.417801388976;7360:5587.919681388976;2986:5588.467612771374,10
1,9,default_vehtype,boarding,True,5588.467612771374,5618.467612771374,2986;-1;-1,2986;-1;-1,0.0,0.8214075949741001,0.8214075949741001,0.0,,0,75;77,2,77,75,,,10
0,2,default_vehtype,boarding,True,5626.770851372961,5656.770851372961,2970;-1;-1,2970;-1;-1,0.0,0.5417011764664126,0.5417011764664126,0.0,,0,78,1,78,,,,3
1,3,default_vehtype,route,False,5435.864769547126,5656.243565127757,2967;-1;-1,2981;-1;-1,2961.6368211428808,0.9606433804284447,0.9603472167463304,0.0,,0,72,1,,,2967;3896;6788;5444;1716;2720;4210;1711;98;2497;7434;2760;542;1074;4204;5649;5760;205;5793;1407;5826;7411;4686;5074;5295;5274;7181;604;603;602;3851;4573;1400;971;598;1368;591;585;940;1370;939;1903;983;3921;840;2881;5099;2878;1735;2581;370;361;2874;1887;4059;910;6541;3462;3648;2851;2850;1801;1560;5242;922;6385;3550;2981,2967:5435.864769547126;3896:5441.944315981901;6788:5443.211299981901;5444:5453.747707981901;1716:5456.538067981901;2720:5457.284707981901;4210:5458.182979981902;1711:5459.312659981902;98:5467.928467981901;2497:5469.439099981902;7434:5476.646947981902;2760:5483.185483981902;542:5490.713587981902;1074:5491.6469959819015;4204:5492.628643981901;5649:5493.429427981901;5760:5498.9877559819015;205:5504.132011981901;5793:5508.253363981901;1407:5509.873507981902;5826:5512.1538199819015;7411:5515.052467981902;4686:5516.123179981902;5074:5523.063691981902;5295:5523.2939479819015;5274:5526.672763981902;7181:5531.182051981902;604:5534.760451981902;603:5535.824035981903;602:5536.677163981903;3851:5537.680555981902;4573:5541.986875981902;1400:5543.719555981902;971:5547.517987981902;598:5548.585243981902;1368:5549.545579981902;591:5555.416531981902;585:5568.587779981902;940:5575.167643981902;1370:5582.194267981902;939:5582.890939981902;1903:5583.712531981902;983:5584.695043981902;3921:5588.493187981902;840:5593.054027981902;2881:5599.684651981903;5099:5600.8375159819025;2878:5601.965539981902;1735:5612.949859981902;2581:5614.2892759819015;370:5615.8721239819015;361:5618.3692279819015;2874:5618.955235981902;1887:5624.610619981901;4059:5626.529923981901;910:5631.0461239819015;6541:5631.710251981902;3462:5633.923891981902;3648:5634.253651981901;2851:5638.927891981902;2850:5639.861251981902;1801:5643.156931981902;1560:5647.897411981902;5242:5649.580051981902;922:5650.495963981903;6385:5653.717603981902;3550:5653.9794439819025;2981:5656.243565127757,4
1,3,default_vehtype,boarding,True,5656.243565127757,5686.243565127757,2981;-1;-1,2981;-1;-1,0.0,0.9603472167463304,0.9603472167463304,0.0,,0,72,1,,72,,,4
0,6,default_vehtype,route,False,5638.223038867479,5681.398078240906,2975;-1;-1,2976;-1;-1,359.7919947785567,0.7718960037196138,0.7718600245201359,0.0,,0,83,1,,,2975;1166;429;4313;68;7318;7325;3011;4;4345;7330;2976,2975:5638.223038867479;1166:5648.333911611566;429:5649.736231611566;4313:5650.919191611566;68:5656.517551611566;7318:5663.1855916115655;7325:5666.5123516115655;3011:5670.522991611566;4:5675.308111611565;4345:5677.351591611566;7330:5678.554591611566;2976:5681.398078240906,7
1,7,default_vehtype,route,False,5447.994410650397,5661.507252393478,2978;-1;-1,2969;-1;-1,2609.13704257042,0.8561895119177443,0.8559285982134872,0.0,,0,73,1,,,2978;4103;6297;1434;3820;3877;2787;4993;6537;7281;2307;3549;6384;4032;1804;4811;5237;608;459;2416;4011;5246;363;366;2314;2877;1748;2880;906;984;2268;1857;1806;1371;938;5442;4054;2205;1369;2047;3631;4079;4572;4577;778;3636;3639;3642;7178;5275;5297;5072;1464;2847;5825;4587;5794;3202;2065;2023;4203;4198;336;2969,2978:5447.994410650397;4103:5450.613367345425;6297:5452.972687345425;1434:5458.931767345424;3820:5464.040407345425;3877:5465.948287345424;2787:5474.740807345424;4993:5475.789847345424;6537:5481.589687345424;7281:5487.424807345424;2307:5490.943567345424;3549:5496.580807345424;6384:5496.842647345424;4032:5500.0642873454235;1804:5500.980199345424;4811:5502.662839345424;5237:5507.403319345424;608:5516.269399345424;459:5516.599159345424;2416:5518.812799345424;4011:5519.476927345424;5246:5525.402095345424;363:5532.310783345424;366:5533.715863345425;2314:5534.8607353454245;2877:5548.0318393454245;1748:5549.1503593454245;2880:5550.312151345424;906:5562.537463345424;984:5565.307159345424;2268:5566.055023345424;1857:5566.440943345424;1806:5567.103127345424;1371:5567.773303345423;938:5570.354431345423;5442:5580.075079345424;4054:5587.715071345424;2205:5593.467511345424;1369:5599.9136713454245;2047:5600.856727345425;3631:5602.419559345424;4079:5603.4868153454245;4572:5607.285247345424;4577:5609.017927345424;778:5613.324247345424;3636:5614.327639345423;3639:5615.180767345423;3642:5616.244351345424;7178:5619.822751345424;5275:5624.332039345424;5297:5627.7108553454245;5072:5627.941111345424;1464:5634.8816233454245;2847:5635.952335345424;5825:5638.8509833454245;4587:5641.131295345424;5794:5642.751439345425;3202:5646.872791345425;2065:5652.0170473454245;2023:5657.575375345425;4203:5658.376159345425;4198:5659.357807345425;336:5660.380927345424;2969:5661.507252393478,8
1,7,default_vehtype,boarding,True,5661.507252393478,5691.507252393478,2969;-1;-1,2969;-1;-1,0.0,0.8559285982134872,0.8559285982134872,0.0,,0,73,1,,73,,,8
0,5,default_vehtype,route,False,5629.0893941591185,5721.274770176713,2978;-1;-1,2984;-1;-1,768.2114668132897,0.9139921196490476,0.9139152985023662,0.0,,0,79,1,,,2978;4103;4326;7286;1218;7334;7010;820;7498;276;2915;2661;7517;6201;7314;7529;2803;7558;2806;4344;2996;2984,2978:5629.0893941591185;4103:5631.708350854146;4326:5636.999510854146;7286:5637.916430854146;1218:5639.039630854146;7334:5646.620750854146;7010:5649.5282308541455;820:5651.509190854145;7498:5651.977190854145;276:5652.088790854145;2915:5663.434790854145;2661:5670.668150854145;7517:5677.980110854145;6201:5678.841230854145;7314:5685.736550854144;7529:5692.952030854144;2803:5700.5069908541445;7558:5707.901990854145;2806:5715.735830854145;4344:5716.938830854146;2996:5718.982310854146;2984:5721.274770176713,6
0,5,default_vehtype,boarding,True,5721.274770176713,5751.274770176713,2984;-1;-1,2984;-1;-1,0.0,0.9139152985023662,0.9139152985023662,0.0,,0,79;81,2,81,,,,6
0,6,default_vehtype,boarding,True,5681.398078240906,5711.398078240906,2976;-1;-1,2976;-1;-1,0.0,0.7718600245201359,0.7718600245201359,0.0,,0,83,1,,83,,,7
1,8,default_vehtype,route,False,5580.0,5734.035201572945,2967;-1;-1,2966;-1;-1,1352.74125658498,0.9431502962416201,0.9430150221159616,0.0,,0,,0,,,2967;3896;5466;7451;4482;6930;7615;3488;4485;5469;2998;901;1083;1355;1961;1962;1033;1559;1958;2907;636;1954;1949;186;333;2164;695;694;1041;1623;1383;2333;2966,2967:5580;3896:5586.079546434775;5466:5593.611466434775;7451:5594.595706434775;4482:5597.262442434775;6930:5598.578170434775;7615:5602.474522434774;3488:5603.7986744347745;4485:5608.353322434775;5469:5608.714546434775;2998:5609.123002434775;901:5610.3685304347755;1083:5613.158962434775;1355:5626.848250434775;1961:5627.830978434775;1962:5628.7698584347745;1033:5629.979314434774;1559:5636.363410434774;1958:5643.710434434774;2907:5644.334098434773;636:5647.1492264347735;1954:5647.759930434773;1949:5656.660066434773;186:5658.226210434774;333:5658.865930434774;2164:5659.482322434774;695:5664.189610434773;694:5667.358330434773;1041:5668.177258434773;1623:5672.56051557763;1383:5683.645944149059;2333:5723.799829863345;2966:5734.035201572945,9
0,0,default_vehtype,route,False,5549.7873885829995,5765.223161113004,2969;-1;-1,2979;-1;-1,2566.6248001814874,0.7629532500243814,0.7626965875443632,0.0,,0,74,1,,,2969;7192;1664;337;1075;5648;5759;205;5793;1407;5826;7411;4686;5074;5295;5274;7181;604;603;602;3851;4573;1400;971;598;1368;591;585;940;1370;939;1903;983;3921;840;2881;5099;2878;1735;2581;370;361;2874;1887;4059;910;6541;3462;3648;2851;2850;1801;1560;5242;922;6385;3550;6322;7280;2411;6281;2286;2287;6538;2979,2969:5549.7873885829995;7192:5553.391031534946;1664:5556.644927534946;337:5564.405159534946;1075:5565.428999534945;5648:5566.229783534945;5759:5571.7881115349455;205:5576.932367534945;5793:5581.053719534945;1407:5582.673863534946;5826:5584.9541755349455;7411:5587.852823534946;4686:5588.923535534946;5074:5595.864047534946;5295:5596.0943035349455;5274:5599.473119534946;7181:5603.982407534946;604:5607.560807534946;603:5608.624391534947;602:5609.477519534947;3851:5610.480911534946;4573:5614.787231534946;1400:5616.519911534946;971:5620.318343534946;598:5621.385599534946;1368:5622.345935534946;591:5628.216887534946;585:5641.388135534946;940:5647.967999534946;1370:5654.994623534946;939:5655.691295534946;1903:5656.5128875349465;983:5657.495399534946;3921:5661.293543534946;840:5665.8543835349465;2881:5672.485007534947;5099:5673.6378715349465;2878:5674.765895534946;1735:5685.750215534946;2581:5687.0896315349455;370:5688.6724795349455;361:5691.169583534946;2874:5691.755591534946;1887:5697.4109755349455;4059:5699.3302795349455;910:5703.8464795349455;6541:5704.510607534946;3462:5706.724247534946;3648:5707.054007534945;2851:5711.728247534946;2850:5712.661607534946;1801:5715.957287534946;1560:5720.697767534946;5242:5722.380407534946;922:5723.296319534947;6385:5726.517959534946;3550:5726.7797995349465;6322:5732.4170395349465;7280:5735.935799534946;2411:5741.770919534946;6281:5746.815033820661;2286:5751.5819481063745;2287:5756.348862392088;6538:5761.392976677803;2979:5765.223161113004,1
0,0,default_vehtype,boarding,True,5765.223161113004,5795.223161113004,2979;-1;-1,2979;-1;-1,0.0,0.7626965875443632,0.7626965875443632,0.0,,0,74,1,,74,,,1
0,1,default_vehtype,route,False,5545.226698019299,5789.590015161783,2984;-1;-1,2992;-1;-1,2495.722178771032,0.689832613030766,0.6895830408128889,0.0,,0,76,1,,,2984;3012;7321;2804;3061;1173;3425;3125;3406;2825;1944;130;99;4526;714;2800;4332;799;3653;3825;7127;1836;4248;5046;7138;6879;1367;3637;3640;3643;7179;5275;5297;5072;1464;2847;5825;4587;5794;3202;2065;2023;4203;537;18;5629;1068;2559;6740;1717;2067;2063;1937;2992,2984:5545.226698019299;3012:5547.719358696731;7321:5551.729998696732;2804:5555.056758696732;3061:5561.724798696731;1173:5567.323158696731;3425:5568.506118696731;3125:5569.759638696732;3406:5582.113998696732;2825:5584.583718696732;1944:5585.895078696732;130:5588.2827186967315;99:5588.762958696731;4526:5597.172558696731;714:5599.969398696731;2800:5601.9757986967315;4332:5602.791438696731;799:5603.972358696731;3653:5608.568598696731;3825:5609.817198696731;7127:5653.377318696731;1836:5654.728278696731;4248:5669.27347869673;5046:5685.61399869673;7138:5687.25259869673;6879:5693.518998696731;1367:5705.0118786967305;3637:5706.90499869673;3640:5707.75812669673;3643:5708.82171069673;7179:5712.400110696731;5275:5716.909398696731;5297:5720.288214696731;5072:5720.518470696731;1464:5727.458982696731;2847:5728.529694696731;5825:5731.428342696731;4587:5733.708654696731;5794:5735.328798696732;3202:5739.450150696732;2065:5744.594406696731;2023:5750.152734696731;4203:5750.953518696731;537:5751.907518696731;18:5757.775086696731;5629:5763.624510696731;1068:5766.17691069673;2559:5773.22751069673;6740:5777.6981346967295;1717:5783.531862696729;2067:5784.269646696729;2063:5784.985902696729;1937:5788.255854696728;2992:5789.590015161783,2
0,1,default_vehtype,boarding,True,5789.590015161783,5819.590015161783,2992;-1;-1,2992;-1;-1,0.0,0.6895830408128889,0.6895830408128889,0.0,,0,76,1,,76,,,2
0,6,default_vehtype,route,False,5711.398078240906,5789.963114916538,2976;-1;-1,2978;-1;-1,654.7086389636052,0.7718600245201359,0.7717945536562395,0.0,,0,,0,,,2976;7557;7316;7531;2802;2251;7515;7037;7512;3274;2902;3901;7011;7336;4365;7288;1182;2978,2976:5711.398078240906;7557:5716.388431611566;7316:5723.783431611567;7531:5731.338391611567;2802:5738.553871611567;2251:5745.449191611567;7515:5746.310311611566;7037:5753.622271611566;7512:5760.855631611566;3274:5772.201631611566;2902:5772.313231611566;3901:5772.781231611566;7011:5774.762191611566;7336:5777.669671611566;4365:5785.250791611566;7288:5786.3739916115655;1182:5787.290911611565;2978:5789.963114916538,7
0,6,default_vehtype,boarding,True,5789.963114916538,5819.963114916538,2978;-1;-1,2978;-1;-1,0.0,0.7717945536562395,0.7717945536562395,0.0,,0,80,1,80,,,,7
1,7,default_vehtype,boarding,True,5760.0,5790.0,2969;-1;-1,2969;-1;-1,0.0,0.8559285982134872,0.8559285982134872,0.0,,0,86,1,86,,,,8
1,8,default_vehtype,boarding,True,5734.035201572945,5764.035201572945,2966;-1;-1,2966;-1;-1,0.0,0.9430150221159616,0.9430150221159616,0.0,,0,82,1,82,,,,9
1,9,default_vehtype,route,False,5618.467612771374,5762.393342120814,2986;-1;-1,2971;-1;-1,1571.4022146764876,0.8214075949741001,0.8212504547526326,0.0,,0,77,1,,,2986;3155;6029;5745;6035;5743;6038;6041;7365;6050;6068;6077;3629;4502;6912;2108;7370;7608;5900;3459;4818;5992;6047;5708;3884;3030;3347;7376;2207;3446;3720;5332;251;2711;3358;2296;5495;5696;3307;3987;2396;886;808;1372;807;1375;108;1376;1380;373;2390;7391;5704;7389;2971,2986:5618.467612771374;3155:5619.011489388976;6029:5619.972617388976;5745:5621.464241388976;6035:5623.387649388976;5743:5624.757089388976;6038:5626.772513388976;6041:5628.048785388976;7365:5634.711953388976;6050:5636.985497388976;6068:5641.211825388976;6077:5641.857521388975;3629:5643.414809388975;4502:5643.877697388975;6912:5649.026129388975;2108:5650.922537388975;7370:5657.449265388975;7608:5657.678657388975;5900:5661.1503533889745;3459:5661.905921388974;4818:5662.520801388974;5992:5662.997585388975;6047:5667.186113388974;5708:5668.580393388975;3884:5671.119977388975;3030:5671.618001388975;3347:5673.642209388975;7376:5674.077593388975;2207:5674.486481388975;3446:5677.3098893889755;3720:5680.339577388975;5332:5681.331017388975;251:5682.078593388975;2711:5683.216409388975;3358:5685.431417388975;2296:5693.732417388976;5495:5693.949257388976;5696:5694.711977388975;3307:5705.450417388975;3987:5712.277577388975;2396:5713.583537388975;886:5719.221137388975;808:5719.687337388975;1372:5720.550257388974;807:5721.654137388974;1375:5723.338337388974;108:5725.478777388974;1376:5727.279017388973;1380:5729.295617388973;373:5738.856617388973;2390:5741.401337388973;7391:5742.801977388973;5704:5745.167057388972;7389:5759.705297388972;2971:5762.393342120814,10
1,9,default_vehtype,boarding,True,5762.393342120814,5792.393342120814,2971;-1;-1,2971;-1;-1,0.0,0.8212504547526326,0.8212504547526326,0.0,,0,77;85,2,85,77,,,10
0,2,default_vehtype,route,False,5656.770851372961,5847.18458079929,2970;-1;-1,2980;-1;-1,2063.6293026972107,0.5417011764664126,0.5414948135361428,0.0,,0,78,1,,,2970;671;544;7400;5449;6824;4848;3271;4846;4989;5000;337;1075;5648;5759;205;5793;1407;5826;7411;4686;5074;5295;5274;7181;604;603;602;3851;4573;1400;971;598;1368;591;585;940;1370;939;1903;983;3921;840;2881;5099;1157;2058;2092;915;2980,2970:5656.770851372961;671:5657.800967534947;544:5660.4905275349465;7400:5661.566087534947;5449:5662.765127534947;6824:5667.018407534947;4848:5674.498727534947;3271:5680.051847534946;4846:5681.924927534947;4989:5694.197447534947;5000:5698.9570075349475;337:5706.717239534947;1075:5707.741079534947;5648:5708.541863534947;5759:5714.100191534947;205:5719.244447534947;5793:5723.365799534947;1407:5724.985943534947;5826:5727.266255534947;7411:5730.164903534947;4686:5731.235615534947;5074:5738.176127534947;5295:5738.406383534947;5274:5741.785199534947;7181:5746.294487534948;604:5749.872887534948;603:5750.936471534948;602:5751.789599534948;3851:5752.792991534948;4573:5757.099311534947;1400:5758.8319915349475;971:5762.630423534947;598:5763.697679534947;1368:5764.6580155349475;591:5770.528967534948;585:5783.700215534947;940:5790.280079534948;1370:5797.306703534948;939:5798.003375534948;1903:5798.824967534948;983:5799.807479534948;3921:5803.605623534948;840:5808.166463534948;2881:5814.797087534948;5099:5815.949951534948;1157:5820.689094392091;2058:5826.478922963519;2092:5829.868065820662;915:5834.986237249233;2980:5847.18458079929,3
0,2,default_vehtype,boarding,True,5847.18458079929,5877.18458079929,2980;-1;-1,2980;-1;-1,0.0,0.5414948135361428,0.5414948135361428,0.0,,0,78,1,,78,,,3
1,3,default_vehtype,route,False,5700.0,5862.775574806394,2981;-1;-1,2974;-1;-1,1500.4598469308316,0.9603472167463304,0.9601971707616374,0.0,,0,,0,,,2981;6320;3549;6384;4032;1804;4277;5239;6501;3911;5389;7301;3914;5398;5400;4040;4041;5374;5418;5424;5403;6546;1200;7312;3767;4527;3089;3131;5447;7352;414;122;3426;4305;793;118;3979;4275;103;6480;7360;3154;6028;2181;2180;146;2828;2974,2981:5700;6320:5703.373118854145;3549:5709.010358854145;6384:5709.272198854145;4032:5712.493838854145;1804:5713.409750854145;4277:5714.997830854146;5239:5720.502470854146;6501:5726.465030854146;3911:5735.819870854146;5389:5736.885710854146;7301:5737.139630854146;3914:5738.323310854146;5398:5739.500150854146;5400:5740.826750854147;4040:5750.131550854147;4041:5753.075870854146;5374:5757.328430854146;5418:5758.365710854146;5424:5758.508990854146;5403:5759.6143108541455;6546:5763.841190854146;1200:5768.450270854146;7312:5769.944030854146;3767:5771.950430854146;4527:5774.747270854146;3089:5783.156870854146;3131:5783.637110854146;5447:5786.024750854146;7352:5787.336110854146;414:5789.805830854146;122:5802.160190854146;3426:5803.413710854146;4305:5804.816030854146;793:5816.931590854147;118:5822.795870854146;3979:5824.646414854146;4275:5825.237750854147;103:5826.380678854147;6480:5839.702406854147;7360:5845.204286854147;3154:5846.296094854147;6028:5847.257222854147;2181:5851.489279997004;2180:5855.721337139861;146:5856.682465139861;2828:5857.774273139861;2974:5862.775574806394,4
0,5,default_vehtype,route,False,5751.274770176713,5820.749649538631,2984;-1;-1,2975;-1;-1,516.2578994445485,0.9139152985023662,0.9138636727124217,0.0,,0,79;81,2,,,2984;3012;7321;2804;3061;1173;3425;4304;793;118;3979;4275;3068;70;73;4273;880;3109;3874;2975,2984:5751.274770176713;3012:5753.7674308541455;7321:5757.778070854146;2804:5761.104830854146;3061:5767.772870854145;1173:5773.371230854145;3425:5774.554190854145;4304:5775.956510854146;793:5788.072070854146;118:5793.9363508541455;3979:5795.786894854145;4275:5796.378230854146;3068:5801.122516568432;70:5803.408516568432;73:5805.694516568432;4273:5810.438802282718;880:5811.030138282718;3109:5812.880682282718;3874:5818.744962282718;2975:5820.749649538631,6
0,5,default_vehtype,boarding,True,5820.749649538631,5850.749649538631,2975;-1;-1,2975;-1;-1,0.0,0.9138636727124217,0.9138636727124217,0.0,,0,79;81,2,,79,,,6
1,7,default_vehtype,route,False,5790.0,5869.632382830864,2969;-1;-1,2990;-1;-1,728.1426288791163,0.8559285982134872,0.8558557839505994,0.0,,0,86,1,,,2969;7192;1664;1659;538;4990;4939;5252;3070;1657;4439;4842;1272;3423;4282;4975;6830;4349;4937;669;5061;7265;3848;534;2839;5449;2990,2969:5790;7192:5793.603642951946;1664:5796.8575389519465;1659:5801.617098951947;538:5802.768138951947;4990:5806.465218951947;4939:5807.855778951946;5252:5813.280498951946;3070:5814.316938951946;1657:5821.8337389519465;4439:5827.463898951946;4842:5831.848458951947;1272:5832.033378951946;3423:5833.249938951946;4282:5837.027418951946;4975:5838.077178951946;6830:5838.850098951946;4349:5839.398978951946;4937:5843.7685389519465;669:5854.075938951946;5061:5859.884298951946;7265:5860.667538951946;3848:5861.642178951946;534:5865.6871389519465;2839:5867.045778951947;5449:5868.244818951947;2990:5869.632382830864,8
1,3,default_vehtype,boarding,True,5862.775574806394,5892.775574806394,2974;-1;-1,2974;-1;-1,0.0,0.9601971707616374,0.9601971707616374,0,,0,84,1,84,,,,4
1,7,default_vehtype,boarding,True,5869.632382830864,5899.632382830864,2990;-1;-1,2990;-1;-1,0.0,0.8558557839505994,0.8558557839505994,0,,0,86,1,,86,,,8
1,3,default_vehtype,route,False,5892.775574806394,5941.288768110154,2974;-1;-1,2987;-1;-1,673.794351441106,0.9601971707616374,0.9601297913264932,0.0,,0,84,1,,,2974;6479;7359;3154;6028;5745;6035;5743;6038;6041;7365;2179;3064;6023;3524;7356;4225;2987,2974:5892.775574806394;6479:5893.276153139861;7359:5898.778033139861;3154:5899.869841139861;6028:5900.830969139861;5745:5902.322593139861;6035:5904.246001139861;5743:5905.615441139861;6038:5907.630865139861;6041:5908.907137139861;7365:5915.570305139861;2179:5919.5785451398615;3064:5920.880521139861;6023:5922.1452011398615;3524:5923.886665139861;7356:5934.7655051398615;4225:5939.350033139862;2987:5941.288768110154,4
1,3,default_vehtype,boarding,True,5941.288768110154,5971.288768110154,2987;-1;-1,2987;-1;-1,0.0,0.9601297913264932,0.9601297913264932,0.0,,0,84,1,,84,,,4
1,8,default_vehtype,route,False,5764.035201572945,5945.004639415647,2966;-1;-1,2970;-1;-1,1660.3445869925656,0.9430150221159616,0.9428489876572623,0.0,,0,82,1,,,2966;2743;2631;2150;735;738;1096;3736;81;831;2413;1146;832;1880;1340;3638;3641;7177;5275;5297;5072;1464;2847;5825;4587;5794;3202;2065;2023;4203;4198;336;2759;1664;1659;4844;3270;4850;6823;1946;7401;3560;2970,2966:5764.035201572945;2743:5771.879029863345;2631:5775.890458434774;2150:5792.8207441490595;735:5803.302915577631;738:5809.47074414906;1096:5819.009715577631;3736:5819.272731577631;81:5823.121635577631;831:5833.968219577631;2413:5834.9559155776315;1146:5835.7692995776315;832:5836.577715577631;1880:5839.175403577631;1340:5850.708219577631;3638:5851.694691577631;3641:5852.758275577631;7177:5856.3366755776315;5275:5860.845963577632;5297:5864.224779577632;5072:5864.455035577632;1464:5871.395547577632;2847:5872.466259577632;5825:5875.364907577632;4587:5877.645219577632;5794:5879.265363577632;3202:5883.3867155776325;2065:5888.530971577632;2023:5894.089299577632;4203:5894.890083577632;4198:5895.871731577632;336:5896.894851577632;2759:5901.624819577632;1664:5904.878715577632;1659:5909.638275577632;4844:5921.910795577633;3270:5923.783875577633;4850:5929.3369955776325;6823:5936.817315577632;1946:5941.070595577632;7401:5942.2696355776325;3560:5943.345195577633;2970:5945.004639415647,9
1,8,default_vehtype,boarding,True,5945.004639415647,5975.004639415647,2970;-1;-1,2970;-1;-1,0.0,0.9428489876572623,0.9428489876572623,0.0,,0,82,1,,82,,,9
0,5,default_vehtype,route,False,5850.749649538631,6047.8413353307715,2975;-1;-1,2969;-1;-1,1904.5396763125818,0.9138636727124217,0.9136732187447906,0.0,,0,81,1,,,2975;1166;429;3125;3406;2825;1944;130;99;4526;714;2800;4332;799;3653;3825;7127;1836;4248;5046;7138;6879;1367;3637;3640;3643;7179;5275;5297;5072;1464;2847;5825;4587;5794;3202;2065;2023;4203;4198;336;2969,2975:5850.749649538631;1166:5860.860522282718;429:5862.262842282718;3125:5863.516362282719;3406:5875.870722282719;2825:5878.340442282719;1944:5879.651802282719;130:5882.0394422827185;99:5882.519682282718;4526:5890.929282282718;714:5893.726122282718;2800:5895.7325222827185;4332:5896.548162282718;799:5897.729082282718;3653:5902.325322282718;3825:5903.573922282718;7127:5947.134042282718;1836:5948.485002282718;4248:5963.030202282717;5046:5979.370722282717;7138:5981.009322282717;6879:5987.275722282718;1367:5998.768602282717;3637:6000.661722282717;3640:6001.514850282717;3643:6002.578434282717;7179:6006.156834282718;5275:6010.666122282718;5297:6014.044938282718;5072:6014.275194282718;1464:6021.215706282718;2847:6022.286418282718;5825:6025.185066282718;4587:6027.465378282718;5794:6029.085522282719;3202:6033.206874282719;2065:6038.351130282718;2023:6043.909458282718;4203:6044.710242282718;4198:6045.691890282718;336:6046.715010282718;2969:6047.8413353307715,6
1,9,default_vehtype,route,False,5792.393342120814,6039.813372693945,2971;-1;-1,2978;-1;-1,2561.3899881094235,0.8212504547526326,0.8209943157538215,0.0,,0,85,1,,,2971;3807;6875;885;316;2042;1982;6306;374;7114;3246;5330;661;445;6080;7381;364;3029;3886;5711;6045;2157;4817;456;5901;7605;2830;5852;6913;1321;597;2204;6066;6049;7367;2188;2186;5744;6033;5746;6031;146;2828;2376;3091;4274;880;3109;3874;4306;429;3125;3406;2825;1944;130;99;4526;714;2800;4339;2419;5404;5421;1925;1883;926;925;5399;1905;830;2795;918;3075;7097;7290;2736;1744;1164;2789;1182;2978,2971:5792.393342120814;3807:5793.769697388972;6875:5794.837697388973;885:5795.441057388973;316:5802.2682173889725;2042:5813.006657388973;1982:5813.769377388972;6306:5813.986217388972;374:5822.287217388973;7114:5824.502225388973;3246:5825.640041388973;5330:5826.387617388973;661:5827.379057388973;445:5830.408745388972;6080:5833.232153388973;7381:5833.641041388973;364:5834.076425388973;3029:5836.100633388973;3886:5836.598657388973;5711:5839.138241388973;6045:5840.532521388974;2157:5844.721049388973;4817:5845.197833388974;456:5845.812713388974;5901:5846.568281388973;7605:5850.039977388973;2830:5850.269369388973;5852:5856.796097388973;6913:5858.692505388973;1321:5863.840937388973;597:5864.303825388973;2204:5865.861113388973;6066:5866.506809388972;6049:5870.733137388972;7367:5873.006681388972;2188:5879.669849388972;2186:5880.946121388972;5744:5882.961545388972;6033:5884.330985388972;5746:5886.254393388972;6031:5887.746017388972;146:5888.707145388972;2828:5889.798953388972;2376:5895.300833388972;3091:5908.622561388972;4274:5909.765489388972;880:5910.3568253889725;3109:5912.207369388972;3874:5918.071649388972;4306:5930.187209388972;429:5931.589529388973;3125:5932.843049388973;3406:5945.197409388973;2825:5947.667129388973;1944:5948.978489388973;130:5951.366129388973;99:5951.846369388973;4526:5960.2559693889725;714:5963.0528093889725;2800:5965.059209388973;4339:5966.552969388973;2419:5971.162049388973;5404:5975.388929388973;5421:5976.494249388973;1925:5976.637529388973;1883:5977.674809388973;926:5981.927369388973;925:5984.871689388972;5399:5994.176489388972;1905:5995.5030893889725;830:5996.679929388973;2795:5997.863609388973;918:5999.005769388973;3075:6006.878729388973;7097:6007.728089388973;7290:6013.530209388973;2736:6022.248689388973;1744:6023.703929388973;1164:6034.812449388973;2789:6036.224249388973;1182:6037.141169388972;2978:6039.813372693945,10
0,5,default_vehtype,boarding,True,6047.8413353307715,6077.8413353307715,2969;-1;-1,2969;-1;-1,0.0,0.9136732187447906,0.9136732187447906,0.0,,0,81,1,,81,,,6
0,6,default_vehtype,route,False,5819.963114916538,6089.872067629662,2978;-1;-1,2993;-1;-1,3392.4163615988255,0.7717945536562395,0.7714553120200796,0.0,,0,80,1,,,2978;4103;6297;1434;3820;3877;2787;4993;6537;7281;2307;3549;6384;4032;1804;4811;5237;608;459;2416;4011;5246;363;366;2314;2877;1748;2880;906;984;2268;1857;1806;1371;938;5442;4054;2205;1369;2047;3631;4079;4572;4577;778;3636;3639;3642;7178;5275;5297;5072;1464;2847;5825;4587;5794;3202;2065;2023;4203;537;18;5629;1068;2559;6740;1717;2067;2063;1937;6789;3895;5465;7450;2993,2978:5819.963114916538;4103:5822.582071611566;6297:5824.941391611565;1434:5830.900471611565;3820:5836.0091116115655;3877:5837.916991611565;2787:5846.709511611565;4993:5847.758551611565;6537:5853.558391611565;7281:5859.3935116115645;2307:5862.912271611564;3549:5868.549511611564;6384:5868.8113516115645;4032:5872.032991611564;1804:5872.948903611565;4811:5874.631543611565;5237:5879.372023611565;608:5888.238103611565;459:5888.5678636115645;2416:5890.781503611564;4011:5891.445631611565;5246:5897.3707996115645;363:5904.279487611565;366:5905.684567611565;2314:5906.829439611565;2877:5920.000543611565;1748:5921.119063611565;2880:5922.280855611565;906:5934.506167611565;984:5937.275863611565;2268:5938.023727611565;1857:5938.409647611565;1806:5939.071831611564;1371:5939.742007611564;938:5942.323135611564;5442:5952.043783611564;4054:5959.683775611565;2205:5965.436215611565;1369:5971.882375611565;2047:5972.825431611565;3631:5974.388263611565;4079:5975.455519611565;4572:5979.253951611565;4577:5980.986631611565;778:5985.292951611565;3636:5986.296343611564;3639:5987.149471611564;3642:5988.213055611564;7178:5991.791455611565;5275:5996.300743611565;5297:5999.679559611565;5072:5999.909815611565;1464:6006.850327611565;2847:6007.921039611565;5825:6010.819687611565;4587:6013.099999611565;5794:6014.720143611566;3202:6018.841495611566;2065:6023.985751611565;2023:6029.544079611565;4203:6030.344863611565;537:6031.298863611565;18:6037.166431611565;5629:6043.015855611565;1068:6045.568255611564;2559:6052.618855611564;6740:6057.089479611564;1717:6062.923207611563;2067:6063.660991611563;2063:6064.377247611563;1937:6067.647199611562;6789:6078.183607611562;3895:6079.450591611562;5465:6086.982511611563;7450:6087.966751611562;2993:6089.872067629662,7
0,6,default_vehtype,boarding,True,6089.872067629662,6119.872067629662,2993;-1;-1,2993;-1;-1,0.0,0.7714553120200796,0.7714553120200796,0.0,,0,80,1,,80,,,7
1,9,default_vehtype,boarding,True,6039.813372693945,6069.813372693945,2978;-1;-1,2978;-1;-1,0.0,0.8209943157538215,0.8209943157538215,0.0,,0,85,1,,85,,,10
1,9,default_vehtype,boarding,True,6069.813372693945,6099.813372693945,2978;-1;-1,2978;-1;-1,0.0,0.8209943157538215,0.8209943157538215,0.0,,0,87,1,87,,,,10
1,9,default_vehtype,route,False,6099.813372693945,6168.791433391969,2978;-1;-1,2981;-1;-1,459.0023153406877,0.8209943157538215,0.8209484155222875,0.0,,0,87,1,,,2978;4103;6297;1434;3820;3877;2787;4993;6537;7281;2307;3549;3552;536;535;533;2981,2978:6099.813372693945;4103:6102.432329388973;6297:6104.7916493889725;1434:6110.750729388972;3820:6115.8593693889725;3877:6117.767249388972;2787:6126.559769388972;4993:6127.608809388972;6537:6133.408649388972;7281:6139.2437693889715;2307:6142.762529388971;3549:6148.399769388971;3552:6153.6290265318285;536:6157.463540817543;535:6161.298055103257;533:6166.527312246114;2981:6168.791433391969,10
1,9,default_vehtype,boarding,True,6168.791433391969,6198.791433391969,2981;-1;-1,2981;-1;-1,0.0,0.8209484155222875,0.8209484155222875,0,,0,87,1,,87,,,10
0,3,default_vehtype,route,False,6240,6290.704534696241,2987;-1;-1,2974;-1;-1,704.2296485588942,0.9601297913264932,0.9600593683616373,0.0,,0,,0,,,2987;4613;1084;7357;3525;6025;3063;6027;7362;2188;2186;5744;6033;5746;6031;146;2828;2974,2987:6240;4613:6241.596249029708;1084:6245.131233029708;7357:6249.715761029708;3525:6260.594601029708;6025:6262.336065029708;3063:6263.600745029708;6027:6264.902721029708;7362:6268.910961029708;2188:6275.574129029708;2186:6276.850401029708;5744:6278.8658250297085;6033:6280.235265029709;5746:6282.158673029709;6031:6283.650297029709;146:6284.611425029709;2828:6285.703233029709;2974:6290.704534696241,4
0,3,default_vehtype,boarding,True,6290.704534696241,6320.704534696241,2974;-1;-1,2974;-1;-1,0.0,0.9600593683616373,0.9600593683616373,0,,0,88,1,88,,,,4
1,1,default_vehtype,boarding,True,6420.0,6450.0,2992;-1;-1,2992;-1;-1,0.0,0.6895830408128889,0.6895830408128889,0.0,,0,89,1,89,,,,2
0,3,default_vehtype,route,False,6320.704534696241,6465.131881684285,2974;-1;-1,2982;-1;-1,1300.2674156418352,0.9600593683616373,0.9599293416200732,0.0,,0,88,1,,,2974;6479;3091;4274;880;3109;3874;4306;429;3125;3406;2825;1944;130;99;4526;714;2800;4339;2419;5404;5421;1925;1883;926;925;5399;1905;830;2795;918;3075;7097;7290;2736;1744;1164;2789;1218;2982,2974:6320.704534696241;6479:6321.205113029709;3091:6334.5268410297085;4274:6335.669769029709;880:6336.261105029709;3109:6338.111649029709;3874:6343.975929029709;4306:6356.091489029709;429:6357.493809029709;3125:6358.747329029709;3406:6371.10168902971;2825:6373.57140902971;1944:6374.882769029709;130:6377.270409029709;99:6377.750649029709;4526:6386.160249029709;714:6388.957089029709;2800:6390.963489029709;4339:6392.45724902971;2419:6397.06632902971;5404:6401.29320902971;5421:6402.39852902971;1925:6402.54180902971;1883:6403.579089029709;926:6407.831649029709;925:6410.775969029709;5399:6420.080769029709;1905:6421.407369029709;830:6422.584209029709;2795:6423.767889029709;918:6424.91004902971;3075:6432.783009029709;7097:6433.6323690297095;7290:6439.43448902971;2736:6448.15296902971;1744:6449.60820902971;1164:6460.71672902971;2789:6462.12852902971;1218:6463.25172902971;2982:6465.131881684285,4
0,3,default_vehtype,boarding,True,6465.131881684285,6495.131881684285,2982;-1;-1,2982;-1;-1,0.0,0.9599293416200732,0.9599293416200732,0,,0,88,1,,88,,,4
1,3,default_vehtype,boarding,True,6540,6570,2982;-1;-1,2982;-1;-1,0.0,0.9599293416200732,0.9599293416200732,0,,0,90,1,90,,,,4
1,1,default_vehtype,route,False,6450.0,6648.06309279929,2992;-1;-1,2980;-1;-1,2377.795994888241,0.6895830408128889,0.6893452612134,0.0,,0,89,1,,,2992;2526;5444;1716;2720;4210;1711;98;2497;7434;2760;542;1074;4204;5649;5760;205;5793;1407;5826;7411;4686;5074;5295;5274;7181;604;603;602;3851;4573;1400;971;598;1368;591;585;940;1370;939;1903;983;3921;840;2881;5099;1157;2058;2092;915;2980,2992:6450;2526:6459.202247534946;5444:6469.738655534946;1716:6472.529015534946;2720:6473.275655534946;4210:6474.173927534946;1711:6475.303607534946;98:6483.919415534946;2497:6485.430047534946;7434:6492.637895534946;2760:6499.1764315349465;542:6506.704535534946;1074:6507.637943534946;4204:6508.619591534946;5649:6509.420375534946;5760:6514.978703534946;205:6520.122959534946;5793:6524.244311534946;1407:6525.8644555349465;5826:6528.144767534946;7411:6531.043415534947;4686:6532.114127534946;5074:6539.054639534947;5295:6539.284895534946;5274:6542.663711534947;7181:6547.172999534947;604:6550.751399534947;603:6551.814983534948;602:6552.6681115349475;3851:6553.671503534947;4573:6557.977823534947;1400:6559.710503534947;971:6563.508935534946;598:6564.576191534947;1368:6565.536527534947;591:6571.407479534947;585:6584.578727534947;940:6591.158591534947;1370:6598.185215534947;939:6598.881887534947;1903:6599.703479534947;983:6600.685991534947;3921:6604.484135534947;840:6609.044975534947;2881:6615.675599534948;5099:6616.828463534947;1157:6621.56760639209;2058:6627.357434963518;2092:6630.7465778206615;915:6635.864749249233;2980:6648.06309279929,2
1,3,default_vehtype,route,False,6570.0,6617.505301956449,2982;-1;-1,2983;-1;-1,395.8775163037552,0.9599293416200732,0.9598897538684428,0.0,,0,90,1,,,2982;2809;7010;820;7498;276;2915;2661;7517;6201;7314;2983,2982:6570;2809:6575.700967345425;7010:6578.608447345425;820:6580.589407345425;7498:6581.0574073454245;276:6581.169007345425;2915:6592.515007345424;2661:6599.748367345424;7517:6607.060327345424;6201:6607.921447345424;7314:6614.816767345424;2983:6617.505301956449,4
1,3,default_vehtype,boarding,True,6617.505301956449,6647.505301956449,2983;-1;-1,2983;-1;-1,0.0,0.9598897538684428,0.9598897538684428,0.0,,0,90,1,,90,,,4
1,1,default_vehtype,boarding,True,6648.06309279929,6678.06309279929,2980;-1;-1,2980;-1;-1,0.0,0.6893452612134,0.6893452612134,0.0,,0,89,1,,89,,,2
0,4,default_vehtype,route,False,6660.0,6688.149747058026,2992;-1;-1,2968;-1;-1,390.96870913923203,0.9343757319102224,0.9343366350393084,0.0,,0,,0,,,2992;2526;5444;1716;2720;4210;1711;2968,2992:6660;2526:6669.202247534946;5444:6679.738655534946;1716:6682.529015534946;2720:6683.275655534946;4210:6684.173927534946;1711:6685.303607534946;2968:6688.149747058026,5
0,4,default_vehtype,boarding,True,6688.149747058026,6718.149747058026,2968;-1;-1,2968;-1;-1,0.0,0.9343366350393084,0.9343366350393084,0.0,,0,94,1,94,,,,5
0,4,default_vehtype,route,False,6718.149747058026,6751.3938906043195,2968;-1;-1,2991;-1;-1,461.72421592074585,0.9343366350393084,0.9342904626177163,0.0,,0,94,1,,,2968;98;2497;7434;2760;542;1074;4204;537;2991,2968:6718.149747058026;98:6723.919415534947;2497:6725.430047534947;7434:6732.637895534947;2760:6739.176431534947;542:6746.704535534947;1074:6747.637943534947;4204:6748.619591534947;537:6749.573591534947;2991:6751.3938906043195,5
1,7,default_vehtype,route,False,6600.0,6753.950484810419,2990;-1;-1,2973;-1;-1,1527.4185328053675,0.8558557839505994,0.8557030420973188,0.0,,0,,0,,,2990;2552;1946;7401;3560;3731;662;7398;3491;6933;7394;6989;7392;5704;7389;3806;2573;885;316;2042;1982;6306;374;7114;3246;5330;661;445;6080;7381;364;3029;3886;5711;6045;2157;4817;456;5901;7605;2830;1420;1084;2973,2990:6600;2552:6602.865716121083;1946:6607.118996121083;7401:6608.318036121083;3560:6609.393596121084;3731:6612.083156121083;662:6634.532876121083;7398:6638.052116121083;3491:6644.376836121082;6933:6645.288596121082;7394:6650.650196121082;6989:6651.2445561210825;7392:6660.4556361210825;5704:6662.820716121082;7389:6677.358956121082;3806:6681.423356121082;2573:6682.491356121082;885:6683.0947161210825;316:6689.921876121082;2042:6700.660316121082;1982:6701.423036121082;6306:6701.639876121082;374:6709.9408761210825;7114:6712.155884121083;3246:6713.293700121083;5330:6714.041276121083;661:6715.032716121083;445:6718.062404121082;6080:6720.885812121082;7381:6721.294700121082;364:6721.730084121083;3029:6723.7542921210825;3886:6724.252316121083;5711:6726.791900121083;6045:6728.186180121083;2157:6732.374708121083;4817:6732.8514921210835;456:6733.466372121084;5901:6734.221940121083;7605:6737.693636121083;2830:6737.923028121083;1420:6749.628140121083;1084:6753.163124121083;2973:6753.950484810419,8
1,8,default_vehtype,route,False,6600.0,6742.897444851321,2970;-1;-1,2973;-1;-1,1435.309866479551,0.9428489876572623,0.9427054566706145,0.0,,0,,0,,,2970;671;662;7398;3491;6933;7394;6989;7392;5704;7389;3806;2573;885;316;2042;1982;6306;374;7114;3246;5330;661;445;6080;7381;364;3029;3886;5711;6045;2157;4817;456;5901;7605;2830;1420;1084;2973,2970:6600;671:6601.0301161619855;662:6623.479836161985;7398:6626.999076161985;3491:6633.323796161984;6933:6634.235556161984;7394:6639.5971561619845;6989:6640.1915161619845;7392:6649.402596161985;5704:6651.767676161984;7389:6666.305916161984;3806:6670.370316161984;2573:6671.438316161984;885:6672.0416761619845;316:6678.868836161984;2042:6689.607276161984;1982:6690.369996161984;6306:6690.586836161984;374:6698.8878361619845;7114:6701.102844161985;3246:6702.240660161985;5330:6702.988236161985;661:6703.979676161985;445:6707.009364161984;6080:6709.832772161984;7381:6710.241660161984;364:6710.677044161985;3029:6712.7012521619845;3886:6713.199276161985;5711:6715.738860161985;6045:6717.1331401619855;2157:6721.321668161985;4817:6721.798452161986;456:6722.413332161986;5901:6723.168900161985;7605:6726.640596161985;2830:6726.869988161985;1420:6738.575100161985;1084:6742.110084161985;2973:6742.897444851321,9
1,8,default_vehtype,boarding,True,6742.897444851321,6772.897444851321,2973;-1;-1,2973;-1;-1,0.0,0.9427054566706145,0.9427054566706145,0.0,,0,91,1,91,,,,9
0,4,default_vehtype,boarding,True,6751.3938906043195,6781.3938906043195,2991;-1;-1,2991;-1;-1,0.0,0.9342904626177163,0.9342904626177163,0.0,,0,94,1,,94,,,5
0,6,default_vehtype,route,False,6660.0,6797.534179120071,2993;-1;-1,2966;-1;-1,1123.5603891839621,0.7714553120200796,0.7713429559811612,0.0,,0,,0,,,2993;4483;6931;7616;3488;4485;5469;2998;901;1083;1355;1961;1962;1033;1559;1958;2907;636;1954;1949;186;333;2164;695;694;1041;1623;1383;2333;2966,2993:6660;4483:6660.761419981901;6931:6662.0771479819;7616:6665.9734999819;3488:6667.2976519819;4485:6671.852299981901;5469:6672.213523981901;2998:6672.621979981901;901:6673.867507981901;1083:6676.657939981901;1355:6690.347227981901;1961:6691.329955981901;1962:6692.2688359819;1033:6693.4782919819;1559:6699.8623879819;1958:6707.209411981899;2907:6707.833075981899;636:6710.648203981899;1954:6711.258907981899;1949:6720.159043981899;186:6721.7251879819;333:6722.3649079819;2164:6722.9812999819;695:6727.688587981899;694:6730.857307981899;1041:6731.676235981899;1623:6736.059493124756;1383:6747.144921696185;2333:6787.2988074104705;2966:6797.534179120071,7
0,6,default_vehtype,boarding,True,6797.534179120071,6827.534179120071,2966;-1;-1,2966;-1;-1,0.0,0.7713429559811612,0.7713429559811612,0.0,,0,93,1,93,,,,7
1,7,default_vehtype,boarding,True,6753.950484810419,6783.950484810419,2973;-1;-1,2973;-1;-1,0.0,0.8557030420973188,0.8557030420973188,0.0,,0,92,1,92,,,,8
0,4,default_vehtype,boarding,True,6840,6870,2991;-1;-1,2991;-1;-1,0.0,0.9342904626177163,0.9342904626177163,0,,0,96,1,96,,,,5
1,3,default_vehtype,route,False,6840.0,6917.758574754141,2983;-1;-1,2985;-1;-1,660.4731749798569,0.9598897538684428,0.9598237065509448,0.0,,0,,0,,,2983;7527;2803;7558;2806;4344;2996;3013;7322;2804;3061;1173;3425;4304;793;118;3979;2985,2983:6840;7527:6844.526945388974;2803:6852.0819053889745;7558:6859.476905388975;2806:6867.310745388975;4344:6868.513745388976;2996:6870.557225388976;3013:6875.342345388975;7322:6879.352985388976;2804:6882.679745388976;3061:6889.347785388975;1173:6894.946145388975;3425:6896.129105388975;4304:6897.531425388976;793:6909.646985388976;118:6915.5112653889755;3979:6917.361809388975;2985:6917.758574754141,4
1,3,default_vehtype,boarding,True,6917.758574754141,6947.758574754141,2985;-1;-1,2985;-1;-1,0.0,0.9598237065509448,0.9598237065509448,0.0,,0,95,1,95,,,,4
1,0,default_vehtype,route,False,6900.0,6995.533110175821,2979;-1;-1,2983;-1;-1,796.1092514652021,0.7626965875443632,0.7626169766192167,0.0,,0,,0,,,2979;2786;2411;1661;7283;796;751;4635;6299;4102;4325;7285;1218;7334;7010;820;7498;276;2915;2661;7517;6201;7314;2983,2979:6900;2786:6902.004935564799;2411:6907.840055564799;1661:6913.639895564798;7283:6914.688935564798;796:6923.481455564798;751:6925.389335564798;4635:6930.497975564798;6299:6936.457055564798;4102:6938.816375564797;4325:6944.107535564797;7285:6945.024455564797;1218:6946.147655564797;7334:6953.728775564797;7010:6956.636255564797;820:6958.617215564796;7498:6959.085215564796;276:6959.196815564796;2915:6970.542815564796;2661:6977.776175564796;7517:6985.088135564796;6201:6985.949255564796;7314:6992.844575564795;2983:6995.533110175821,1
1,3,default_vehtype,route,False,6947.758574754141,7010.430416359269,2985;-1;-1,2987;-1;-1,870.4422445156584,0.9598237065509448,0.9597366623264932,0.0,,0,95,1,,,2985;1140;103;6480;7360;3154;6028;5745;6035;5743;6038;6041;7365;2179;3064;6023;3524;7356;4225;2987,2985:6947.758574754141;1140:6947.953145388976;103:6949.096073388976;6480:6962.417801388976;7360:6967.919681388976;3154:6969.011489388976;6028:6969.972617388976;5745:6971.464241388976;6035:6973.387649388976;5743:6974.757089388976;6038:6976.772513388976;6041:6978.048785388976;7365:6984.711953388976;2179:6988.720193388976;3064:6990.022169388976;6023:6991.286849388976;3524:6993.028313388976;7356:7003.907153388976;4225:7008.491681388977;2987:7010.430416359269,4
1,7,default_vehtype,route,False,6783.950484810419,6993.968948586134,2973;-1;-1,2992;-1;-1,2451.7304413294187,0.8557030420973188,0.8554578690531859,0.0,,0,92,1,,,2973;7354;4225;4614;7369;7607;5900;3459;4818;5992;6047;5708;3884;3030;3347;7376;2207;3446;3720;5332;251;2711;3358;2296;5495;5697;5497;5500;670;5502;5512;5520;5531;6313;6632;6644;3793;6319;7102;3741;7384;6414;5446;2447;2571;42;2577;2566;3033;3036;2469;2404;2235;3762;5287;310;2280;1447;6261;3764;4397;4745;4182;4187;4191;4195;4202;4208;537;18;5629;1068;2559;6740;1717;2067;2063;1937;2992,2973:6783.950484810419;7354:6787.747652121083;4225:6792.332180121083;4614:6795.867164121083;7369:6807.572276121083;7607:6807.801668121083;5900:6811.2733641210825;3459:6812.028932121082;4818:6812.643812121082;5992:6813.120596121083;6047:6817.309124121082;5708:6818.703404121083;3884:6821.242988121083;3030:6821.741012121083;3347:6823.765220121083;7376:6824.200604121083;2207:6824.609492121083;3446:6827.432900121084;3720:6830.462588121083;5332:6831.454028121083;251:6832.201604121083;2711:6833.339420121083;3358:6835.554428121083;2296:6843.855428121084;5495:6844.072268121084;5697:6845.176028121084;5497:6845.8734681210835;5500:6848.780708121083;670:6850.178108121083;5502:6852.5255481210825;5512:6856.047308121082;5520:6858.501308121082;5531:6860.198228121082;6313:6861.223268121083;6632:6863.520308121083;6644:6865.091588121083;3793:6866.940788121083;6319:6867.856508121083;7102:6868.334588121083;3741:6868.8742281210825;7384:6876.533228121082;6414:6881.740388121082;5446:6884.008148121082;2447:6887.944268121082;2571:6895.533188121082;42:6900.201188121082;2577:6900.873668121082;2566:6909.472748121082;3033:6910.1037081210825;3036:6912.373268121082;2469:6915.965588121082;2404:6919.289108121082;2235:6920.572508121082;3762:6920.995940121082;5287:6921.535004121081;310:6924.325220121082;2280:6924.9243321210815;1447:6925.370228121082;6261:6929.248220121081;3764:6930.253916121082;4397:6930.804572121082;4745:6931.030868121082;4182:6935.484644121082;4187:6938.146700121082;4191:6938.884988121082;4195:6953.348276121082;4202:6954.350804121082;4208:6955.332452121082;537:6956.286452121081;18:6962.154020121081;5629:6968.003444121081;1068:6970.555844121081;2559:6977.60644412108;6740:6982.07706812108;1717:6987.910796121079;2067:6988.648580121079;2063:6989.364836121079;1937:6992.634788121079;2992:6993.968948586134,8
1,8,default_vehtype,route,False,6772.897444851321,6962.110732816562,2973;-1;-1,2982;-1;-1,1922.294373658451,0.9427054566706145,0.9425132272332487,0.0,,0,91,1,,,2973;7354;3525;6025;3063;6027;7362;2188;2186;5744;6033;5746;6031;146;2828;2376;3091;4274;880;3109;3874;4306;429;3125;3406;2825;1944;130;99;4526;714;2800;4339;2419;5404;5421;1925;1883;926;925;5399;1905;830;2795;918;3075;7097;7290;2736;1744;1164;2789;1218;2982,2973:6772.897444851321;7354:6776.694612161985;3525:6787.573452161985;6025:6789.314916161985;3063:6790.579596161985;6027:6791.881572161985;7362:6795.889812161985;2188:6802.552980161985;2186:6803.829252161985;5744:6805.844676161985;6033:6807.214116161986;5746:6809.137524161985;6031:6810.6291481619855;146:6811.5902761619855;2828:6812.682084161986;2376:6818.183964161985;3091:6831.505692161985;4274:6832.6486201619855;880:6833.239956161986;3109:6835.090500161986;3874:6840.954780161986;4306:6853.070340161986;429:6854.472660161986;3125:6855.726180161986;3406:6868.080540161986;2825:6870.550260161986;1944:6871.861620161986;130:6874.249260161986;99:6874.729500161986;4526:6883.139100161986;714:6885.935940161986;2800:6887.942340161986;4339:6889.436100161986;2419:6894.0451801619865;5404:6898.272060161987;5421:6899.377380161986;1925:6899.520660161987;1883:6900.557940161986;926:6904.810500161986;925:6907.754820161986;5399:6917.059620161986;1905:6918.386220161986;830:6919.563060161986;2795:6920.746740161986;918:6921.888900161986;3075:6929.761860161986;7097:6930.611220161986;7290:6936.4133401619865;2736:6945.131820161987;1744:6946.587060161987;1164:6957.695580161987;2789:6959.107380161987;1218:6960.230580161987;2982:6962.110732816562,9
1,8,default_vehtype,boarding,True,6962.110732816562,6992.110732816562,2982;-1;-1,2982;-1;-1,0.0,0.9425132272332487,0.9425132272332487,0.0,,0,91,1,,91,,,9
1,0,default_vehtype,boarding,True,6995.533110175821,7025.533110175821,2983;-1;-1,2983;-1;-1,0.0,0.7626169766192167,0.7626169766192167,0.0,,0,97,1,97,,,,1
1,3,default_vehtype,boarding,True,7010.430416359269,7040.430416359269,2987;-1;-1,2987;-1;-1,0.0,0.9597366623264932,0.9597366623264932,0.0,,0,95,1,,95,,,4
1,7,default_vehtype,boarding,True,6993.968948586134,7023.968948586134,2992;-1;-1,2992;-1;-1,0.0,0.8554578690531859,0.8554578690531859,0.0,,0,92,1,,92,,,8
1,9,default_vehtype,route,False,6900.0,7035.075557483487,2981;-1;-1,2976;-1;-1,1148.6160456957073,0.8209484155222875,0.820833553917718,0.0,,0,,0,,,2981;6320;3549;6384;4032;1804;4277;5239;6501;3911;5389;7301;3914;5398;5400;4040;4041;5374;5418;5424;5403;6546;1200;7312;3767;4527;3089;3131;5447;7352;414;122;3426;4314;68;7318;7325;3011;4;4345;7330;2976,2981:6900;6320:6903.373118854145;3549:6909.010358854145;6384:6909.272198854145;4032:6912.493838854145;1804:6913.409750854145;4277:6914.997830854146;5239:6920.502470854146;6501:6926.465030854146;3911:6935.819870854146;5389:6936.885710854146;7301:6937.139630854146;3914:6938.323310854146;5398:6939.500150854146;5400:6940.826750854147;4040:6950.131550854147;4041:6953.075870854146;5374:6957.328430854146;5418:6958.365710854146;5424:6958.508990854146;5403:6959.6143108541455;6546:6963.841190854146;1200:6968.450270854146;7312:6969.944030854146;3767:6971.950430854146;4527:6974.747270854146;3089:6983.156870854146;3131:6983.637110854146;5447:6986.024750854146;7352:6987.336110854146;414:6989.805830854146;122:7002.160190854146;3426:7003.413710854146;4314:7004.596670854146;68:7010.195030854146;7318:7016.863070854146;7325:7020.189830854146;3011:7024.200470854146;4:7028.985590854146;4345:7031.029070854146;7330:7032.2320708541465;2976:7035.075557483487,10
1,9,default_vehtype,boarding,True,7035.075557483487,7065.075557483487,2976;-1;-1,2976;-1;-1,0.0,0.820833553917718,0.820833553917718,0.0,,0,98,1,98,,,,10
0,6,default_vehtype,route,False,6827.534179120071,7112.989213077004,2966;-1;-1,2974;-1;-1,2330.159411488732,0.7713429559811612,0.7711099400400123,0.0,,0,93,1,,,2966;2743;2631;2150;735;738;1096;3736;81;831;2413;1146;832;1880;1340;3638;1365;2574;7139;1693;1114;5299;7129;754;611;1812;1186;7311;3767;4527;3089;3131;5447;7352;414;122;3426;4305;793;118;3979;4275;103;6480;7360;3154;6028;2181;2180;146;2828;2974,2966:6827.534179120071;2743:6835.378007410471;2631:6839.3894359819;2150:6856.319721696185;735:6866.801893124757;738:6872.969721696186;1096:6882.508693124757;3736:6882.771709124757;81:6886.620613124757;831:6897.467197124757;2413:6898.454893124757;1146:6899.268277124757;832:6900.076693124757;1880:6902.674381124757;1340:6914.207197124757;3638:6915.1936691247565;1365:6917.135389124756;2574:6928.643269124756;7139:6934.909669124757;1693:6936.548269124757;1114:6952.888789124757;5299:6967.433989124756;7129:6968.784949124756;754:7012.345069124756;611:7013.593669124756;1812:7018.164829124757;1186:7019.342029124757;7311:7020.1576691247565;3767:7022.164069124757;4527:7024.960909124757;3089:7033.370509124757;3131:7033.8507491247565;5447:7036.238389124756;7352:7037.549749124756;414:7040.019469124756;122:7052.373829124756;3426:7053.627349124757;4305:7055.029669124757;793:7067.145229124757;118:7073.009509124757;3979:7074.860053124757;4275:7075.451389124757;103:7076.594317124757;6480:7089.916045124757;7360:7095.417925124757;3154:7096.509733124757;6028:7097.470861124757;2181:7101.702918267614;2180:7105.934975410471;146:7106.896103410471;2828:7107.9879114104715;2974:7112.989213077004,7
0,3,default_vehtype,route,False,7140.0,7171.62247258673,2987;-1;-1,2988;-1;-1,439.20100814900826,0.9597366623264932,0.9596927422256784,0.0,,0,,0,,,2987;4613;7368;7606;5900;3459;4818;5992;6047;5708;3884;3030;3347;7376;2207;2988,2987:7140;4613:7141.596249029708;7368:7153.301361029708;7606:7153.530753029708;5900:7157.002449029707;3459:7157.758017029707;4818:7158.372897029707;5992:7158.849681029707;6047:7163.038209029707;5708:7164.4324890297075;3884:7166.972073029708;3030:7167.470097029708;3347:7169.494305029708;7376:7169.929689029708;2207:7170.338577029708;2988:7171.62247258673,4
0,4,default_vehtype,route,False,6870.0,7162.244219541651,2991;-1;-1,2983;-1;-1,3171.84052357281,0.9342904626177163,0.9339732785653589,0.0,,0,96,1,,,2991;3010;5658;3008;4585;330;4588;5827;7412;4686;5074;5295;5274;7181;604;603;602;3851;4573;1400;971;598;1368;591;585;940;1370;939;1903;983;3921;840;2881;5099;2878;1735;2581;370;361;2874;1887;4059;910;6541;3462;3648;2851;2850;1801;1560;5242;922;6385;3550;6322;7280;2411;1661;7283;796;751;4635;6299;4102;4325;7285;1218;7334;7010;820;7498;276;2915;2661;7517;6201;7314;2983,2991:6870;3010:6874.047268930627;5658:6874.854868930627;3008:6882.9577489306275;4585:6905.286028930627;330:6914.881708930628;4588:6915.454108930628;5827:6917.7344209306275;7412:6920.633068930628;4686:6921.7037809306275;5074:6928.644292930628;5295:6928.8745489306275;5274:6932.253364930628;7181:6936.762652930628;604:6940.341052930628;603:6941.404636930629;602:6942.257764930629;3851:6943.261156930628;4573:6947.567476930628;1400:6949.300156930628;971:6953.098588930628;598:6954.165844930628;1368:6955.126180930628;591:6960.997132930628;585:6974.168380930628;940:6980.748244930628;1370:6987.774868930628;939:6988.471540930628;1903:6989.293132930628;983:6990.275644930628;3921:6994.073788930628;840:6998.634628930628;2881:7005.265252930629;5099:7006.4181169306285;2878:7007.546140930628;1735:7018.530460930628;2581:7019.8698769306275;370:7021.4527249306275;361:7023.9498289306275;2874:7024.535836930628;1887:7030.191220930627;4059:7032.110524930627;910:7036.6267249306275;6541:7037.290852930628;3462:7039.504492930628;3648:7039.834252930627;2851:7044.508492930628;2850:7045.441852930628;1801:7048.737532930628;1560:7053.478012930628;5242:7055.160652930628;922:7056.076564930629;6385:7059.298204930628;3550:7059.5600449306285;6322:7065.1972849306285;7280:7068.716044930628;2411:7074.551164930628;1661:7080.351004930628;7283:7081.400044930628;796:7090.192564930628;751:7092.100444930627;4635:7097.209084930628;6299:7103.168164930627;4102:7105.527484930627;4325:7110.818644930627;7285:7111.735564930626;1218:7112.858764930626;7334:7120.439884930626;7010:7123.347364930626;820:7125.328324930626;7498:7125.796324930626;276:7125.907924930626;2915:7137.2539249306255;2661:7144.487284930626;7517:7151.799244930626;6201:7152.660364930625;7314:7159.555684930625;2983:7162.244219541651,5
0,4,default_vehtype,boarding,True,7162.244219541651,7192.244219541651,2983;-1;-1,2983;-1;-1,0.0,0.9339732785653589,0.9339732785653589,0.0,,0,96,1,,96,,,5
0,6,default_vehtype,boarding,True,7112.989213077004,7142.989213077004,2974;-1;-1,2974;-1;-1,0.0,0.7711099400400123,0.7711099400400123,0.0,,0,93,1,,93,,,7
0,3,default_vehtype,boarding,True,7171.62247258673,7201.62247258673,2988;-1;-1,2988;-1;-1,0.0,0.9596927422256784,0.9596927422256784,0.0,,0,99,1,99,,,,4
1,9,default_vehtype,route,False,7065.075557483487,7249.639474671154,2976;-1;-1,2972;-1;-1,2043.1305057059733,0.820833553917718,0.8206292408671474,0.0,,0,98,1,,,2976;7557;2806;4344;2996;3013;7322;2804;3061;1173;3425;4304;793;118;3979;4275;103;6480;7360;3154;6028;5745;6035;5743;6038;6041;7365;6050;6068;6077;3629;4502;6912;2108;7370;7608;5900;3459;4818;5992;6047;5708;3884;3030;3347;7376;2207;3446;3720;5332;251;2711;3358;2296;5681;2294;2035;6308;374;7114;3246;5330;661;445;2972,2976:7065.075557483487;7557:7070.065910854147;2806:7077.899750854147;4344:7079.102750854147;2996:7081.146230854148;3013:7085.931350854147;7322:7089.941990854148;2804:7093.268750854148;3061:7099.936790854147;1173:7105.535150854147;3425:7106.718110854147;4304:7108.120430854147;793:7120.2359908541475;118:7126.100270854147;3979:7127.950814854147;4275:7128.542150854148;103:7129.685078854148;6480:7143.006806854148;7360:7148.5086868541475;3154:7149.600494854148;6028:7150.561622854148;5745:7152.053246854148;6035:7153.9766548541475;5743:7155.346094854148;6038:7157.361518854148;6041:7158.637790854148;7365:7165.300958854148;6050:7167.574502854148;6068:7171.8008308541475;6077:7172.446526854147;3629:7174.003814854147;4502:7174.466702854147;6912:7179.615134854147;2108:7181.511542854147;7370:7188.0382708541465;7608:7188.267662854147;5900:7191.739358854146;3459:7192.494926854146;4818:7193.109806854146;5992:7193.586590854146;6047:7197.775118854146;5708:7199.1693988541465;3884:7201.708982854147;3030:7202.207006854147;3347:7204.231214854147;7376:7204.666598854147;2207:7205.075486854147;3446:7207.898894854147;3720:7210.928582854147;5332:7211.920022854147;251:7212.6675988541465;2711:7213.805414854147;3358:7216.020422854147;2296:7224.321422854147;5681:7226.715422854148;2294:7228.0469085684335;2035:7229.3783942827195;6308:7231.77239428272;374:7240.07339428272;7114:7242.28840228272;3246:7243.426218282721;5330:7244.17379428272;661:7245.16523428272;445:7248.19492228272;2972:7249.639474671154,10
1,0,default_vehtype,route,False,7025.533110175821,7267.926452296635,2983;-1;-1,2971;-1;-1,2519.5009176734666,0.7626169766192167,0.7623650265274493,0.0,,0,97,1,,,2983;7527;2803;7558;2806;4344;2996;3013;7322;2804;3061;1173;3425;4304;793;118;3979;4275;103;6480;7360;3154;6028;5745;6035;5743;6038;6041;7365;6050;6068;6077;3629;4502;6912;2108;7370;7608;5900;3459;4818;5992;6047;5708;3884;3030;3347;7376;2207;3446;3720;5332;251;2711;3358;2296;5495;5696;3307;3987;2396;886;808;1372;807;1375;108;1376;1380;373;2390;7391;5704;7389;2971,2983:7025.533110175821;7527:7030.060055564795;2803:7037.615015564796;7558:7045.010015564796;2806:7052.843855564796;4344:7054.046855564797;2996:7056.090335564797;3013:7060.8754555647965;7322:7064.886095564797;2804:7068.212855564797;3061:7074.880895564796;1173:7080.479255564796;3425:7081.6622155647965;4304:7083.064535564797;793:7095.180095564797;118:7101.044375564797;3979:7102.8949195647965;4275:7103.486255564797;103:7104.629183564797;6480:7117.950911564797;7360:7123.452791564797;3154:7124.544599564797;6028:7125.505727564797;5745:7126.997351564797;6035:7128.920759564797;5743:7130.290199564797;6038:7132.305623564797;6041:7133.581895564797;7365:7140.245063564797;6050:7142.518607564797;6068:7146.744935564797;6077:7147.390631564796;3629:7148.947919564796;4502:7149.410807564796;6912:7154.559239564796;2108:7156.455647564796;7370:7162.982375564796;7608:7163.211767564796;5900:7166.683463564796;3459:7167.439031564795;4818:7168.053911564795;5992:7168.530695564796;6047:7172.719223564795;5708:7174.113503564796;3884:7176.653087564796;3030:7177.151111564796;3347:7179.175319564796;7376:7179.6107035647965;2207:7180.019591564796;3446:7182.842999564797;3720:7185.872687564796;5332:7186.864127564796;251:7187.611703564796;2711:7188.749519564796;3358:7190.964527564796;2296:7199.265527564797;5495:7199.482367564797;5696:7200.245087564796;3307:7210.9835275647965;3987:7217.810687564796;2396:7219.116647564796;886:7224.754247564796;808:7225.220447564796;1372:7226.0833675647955;807:7227.187247564795;1375:7228.871447564795;108:7231.011887564795;1376:7232.8121275647945;1380:7234.8287275647945;373:7244.389727564794;2390:7246.934447564794;7391:7248.335087564794;5704:7250.700167564793;7389:7265.238407564793;2971:7267.926452296635,1
1,0,default_vehtype,boarding,True,7267.926452296635,7297.926452296635,2971;-1;-1,2971;-1;-1,0.0,0.7623650265274493,0.7623650265274493,0.0,,0,97,1,,97,,,1
0,3,default_vehtype,route,False,7201.62247258673,7288.245437761547,2988;-1;-1,2971;-1;-1,775.530490028943,0.9596927422256784,0.9596151891766755,0.0,,0,99,1,,,2988;3447;3721;5333;251;2711;3358;2296;5495;5696;3307;3987;2396;886;808;1372;807;1375;108;1376;1380;373;2390;7391;5704;7389;2971,2988:7201.62247258673;3447:7203.161985029708;3721:7206.191673029708;5333:7207.183113029708;251:7207.9306890297075;2711:7209.068505029708;3358:7211.283513029708;2296:7219.584513029708;5495:7219.8013530297085;5696:7220.564073029708;3307:7231.302513029708;3987:7238.129673029708;2396:7239.435633029708;886:7245.073233029708;808:7245.539433029708;1372:7246.402353029707;807:7247.506233029707;1375:7249.190433029707;108:7251.330873029707;1376:7253.131113029706;1380:7255.147713029706;373:7264.708713029706;2390:7267.253433029706;7391:7268.654073029706;5704:7271.019153029705;7389:7285.557393029705;2971:7288.245437761547,4
0,3,default_vehtype,boarding,True,7288.245437761547,7318.245437761547,2971;-1;-1,2971;-1;-1,0.0,0.9596151891766755,0.9596151891766755,0.0,,0,99,1,,99,,,4
1,9,default_vehtype,boarding,True,7249.639474671154,7279.639474671154,2972;-1;-1,2972;-1;-1,0.0,0.8206292408671474,0.8206292408671474,0.0,,0,98,1,,98,,,10
